ctime,schemaname,relname,seq_scan,seq_tup_read,idx_scan,idx_tup_fetch,n_tup_ins,n_tup_upd,n_tup_del,n_tup_hot_upd,n_live_tup,n_dead_tup,heap_blks_read,heap_blks_hit,idx_blks_read,idx_blks_hit,toast_blks_read,toast_blks_hit,tidx_blks_read,tidx_blks_hit
1416686331.26301,pg_catalog,pg_attrdef,0,0,0,0,0,0,0,0,0,0,0,0,0,0,0,0,0,0
1416686331.26301,pg_catalog,pg_db_role_setting,0,0,158228,0,0,0,0,0,0,0,0,0,402,157826,0,0,0,0
1416686331.26301,pg_toast,pg_toast_12713,0,0,0,0,0,0,0,0,0,0,0,0,0,0,,,,
1416686331.26301,pg_catalog,pg_rowsecurity,0,0,0,0,0,0,0,0,0,0,0,0,0,0,,,,
1416686331.26301,pg_catalog,pg_description,0,0,5080,0,0,0,0,0,0,0,0,0,1616,9689,0,0,0,0
1416686331.26301,pg_catalog,pg_foreign_data_wrapper,0,0,0,0,0,0,0,0,0,0,0,0,0,0,,,,
1416686331.26301,pg_catalog,pg_conversion,0,0,0,0,0,0,0,0,0,0,0,0,0,0,,,,
1416686331.26301,public,nation,24,325,25089,25113,25,0,0,0,25,0,9,25103,13,25095,,,,
1416686331.26301,public,lineitem,22,960194151,4188507,325993386,60045669,0,60340,0,59985308,60340,20305288,27930602,998038,17223273,,,,
1416686331.26301,pg_catalog,pg_class,13595,3059592,911414,834539,2058,630,2020,616,337,79,8340,957169,8081,1907603,,,,
1416686331.26301,information_schema,sql_implementation_info,0,0,,,0,0,0,0,0,0,0,0,,,0,0,0,0
1416686331.26301,pg_catalog,pg_opfamily,0,0,0,0,0,0,0,0,0,0,0,0,0,0,,,,
1416686331.26301,pg_catalog,pg_auth_members,0,0,0,0,0,0,0,0,0,0,0,0,0,0,,,,
1416686331.26301,pg_catalog,pg_operator,0,0,283999,1484680,0,0,0,0,0,0,7206,1027851,6359,615942,,,,
1416686331.26301,information_schema,sql_languages,0,0,,,0,0,0,0,0,0,0,0,,,0,0,0,0
1416686331.26301,pg_toast,pg_toast_12693,0,0,0,0,0,0,0,0,0,0,0,0,0,0,,,,
1416686331.26301,pg_catalog,pg_attribute,2827,19275,743272,1674332,7518,210,7340,181,2514,290,25275,831520,6864,1556692,,,,
1416686331.26301,pg_toast,pg_toast_12698,0,0,0,0,0,0,0,0,0,0,0,0,0,0,,,,
1416686331.26301,pg_catalog,pg_tablespace,2,4,26168,26168,0,0,0,0,0,0,689,25481,1439,51021,,,,
1416686331.26301,pg_catalog,pg_statistic,0,0,202820,194846,1698,4744,1635,4044,464,76,19586,188899,2232,435038,48425,193616,2899,295560
1416686331.26301,pg_toast,pg_toast_12703,0,0,0,0,0,0,0,0,0,0,0,0,0,0,,,,
1416686331.26301,information_schema,sql_packages,0,0,,,0,0,0,0,0,0,0,0,,,0,0,0,0
1416686331.26301,information_schema,sql_sizing_profiles,0,0,,,0,0,0,0,0,0,0,0,,,0,0,0,0
1416686331.26301,pg_catalog,pg_aggregate,0,0,19629,19629,0,0,0,0,0,0,1384,18245,3195,31023,,,,
1416686331.26301,pg_catalog,pg_inherits,0,0,1145,0,0,0,0,0,0,0,0,0,574,571,,,,
1416686331.26301,public,time_statistics,26,375,,,29,26,0,26,29,26,4,77,,,,,,
1416686331.26301,pg_catalog,pg_enum,0,0,0,0,0,0,0,0,0,0,0,0,0,0,,,,
1416686331.26301,public,part,10,16000000,81,4061398,2000000,0,0,0,2000000,0,249252,450101,48708,194,,,,
1416686331.26301,pg_toast,pg_toast_2396,0,0,0,0,0,0,0,0,0,0,0,0,0,0,,,,
1416686331.26301,pg_catalog,pg_pltemplate,0,0,0,0,0,0,0,0,0,0,0,0,0,0,,,,
1416686331.26301,pg_toast,pg_toast_2618,0,0,3766,12026,0,0,0,0,0,0,2341,2279,677,5399,,,,
1416686331.26301,pg_toast,pg_toast_3596,0,0,0,0,0,0,0,0,0,0,0,0,0,0,,,,
1416686331.26301,information_schema,sql_features,0,0,,,0,0,0,0,0,0,0,0,,,0,0,0,0
1416686331.26301,pg_toast,pg_toast_2606,0,0,0,0,0,0,0,0,0,0,0,0,0,0,,,,
1416686331.26301,pg_toast,pg_toast_12723,0,0,0,0,0,0,0,0,0,0,0,0,0,0,,,,
1416686331.26301,pg_toast,pg_toast_2964,0,0,0,0,0,0,0,0,0,0,0,0,0,0,,,,
1416686331.26301,pg_catalog,pg_database,3878,15020,128737,128735,1,0,0,0,1,0,277,132337,1859,205912,,,,
1416686331.26301,information_schema,sql_sizing,0,0,,,0,0,0,0,0,0,0,0,,,0,0,0,0
1416686331.26301,pg_toast,pg_toast_2620,0,0,0,0,0,0,0,0,0,0,0,0,0,0,,,,
1416686331.26301,pg_catalog,pg_depend,0,0,47781,51343,8810,0,8721,0,7106,1216,9146,59404,13003,123222,,,,
1416686331.26301,pg_catalog,pg_language,0,0,0,0,0,0,0,0,0,0,0,0,0,0,,,,
1416686331.26301,pg_catalog,pg_amproc,514,1028,168474,358589,0,0,0,0,0,0,1905,165536,1487,373493,,,,
1416686331.26301,pg_catalog,pg_collation,0,0,0,0,0,0,0,0,0,0,0,0,0,0,,,,
1416686331.26301,pg_toast,pg_toast_12708,0,0,0,0,0,0,0,0,0,0,0,0,0,0,,,,
1416686331.26301,pg_catalog,pg_range,0,0,8840,0,0,0,0,0,0,0,0,0,3251,14429,,,,
1416686331.26301,pg_toast,pg_toast_2609,0,0,0,0,0,0,0,0,0,0,0,0,0,0,,,,
1416686331.26301,pg_catalog,pg_opclass,514,514,229544,2506538,0,0,0,0,0,0,1485,997613,3324,279805,,,,
1416686331.26301,pg_catalog,pg_rewrite,0,0,9002,7112,630,0,630,0,110,42,4735,7693,2124,13218,2341,2279,1354,10798
1416686331.26301,pg_toast,pg_toast_1255,0,0,0,0,0,0,0,0,0,0,0,0,0,0,,,,
1416686331.26301,pg_catalog,pg_seclabel,0,0,5080,0,0,0,0,0,0,0,0,0,521,4559,0,0,0,0
1416686331.26301,pg_catalog,pg_ts_parser,0,0,0,0,0,0,0,0,0,0,0,0,0,0,,,,
1416686331.26301,public,region,6261,31280,16,16,5,0,0,0,5,0,8,6274,8,15,,,,
1416686331.26301,pg_catalog,pg_trigger,0,0,0,0,0,0,0,0,0,0,0,0,0,0,0,0,0,0
1416686331.26301,pg_catalog,pg_shseclabel,0,0,0,0,0,0,0,0,0,0,0,0,0,0,,,,
1416686331.26301,pg_catalog,pg_event_trigger,0,0,1953,0,0,0,0,0,0,0,0,0,571,1382,,,,
1416686331.26301,public,orders,15,150090000,5153027,65213023,15015000,0,15000,0,15000000,15000,1775739,8498402,123622,15515328,,,,
1416686331.26301,pg_catalog,pg_foreign_table,0,0,0,0,0,0,0,0,0,0,0,0,0,0,,,,
1416686331.26301,pg_catalog,pg_extension,0,0,0,0,0,0,0,0,0,0,0,0,0,0,,,,
1416686331.26301,pg_catalog,pg_ts_config,0,0,0,0,0,0,0,0,0,0,0,0,0,0,,,,
1416686331.26301,pg_catalog,pg_shdescription,0,0,0,0,0,0,0,0,0,0,0,0,0,0,0,0,0,0
1416686331.26301,pg_catalog,pg_cast,0,0,1234194,292477,0,0,0,0,0,0,1484,290993,927,1268609,,,,
1416686331.26301,pg_catalog,pg_amop,0,0,321581,567950,0,0,0,0,0,0,2520,543637,5791,680749,,,,
1416686331.26301,pg_catalog,pg_user_mapping,0,0,0,0,0,0,0,0,0,0,0,0,0,0,,,,
1416686331.26301,pg_catalog,pg_type,0,0,873865,865265,2289,0,2270,0,360,67,5499,869735,8432,1795975,,,,
1416686331.26301,information_schema,sql_parts,0,0,,,0,0,0,0,0,0,0,0,,,0,0,0,0
1416686331.26301,pg_catalog,pg_largeobject,0,0,0,0,0,0,0,0,0,0,0,0,0,0,,,,
1416686331.26301,public,customer,14,15000000,81,15872315,1500000,0,0,0,1500000,0,148861,884740,20529,227,,,,
1416686331.26301,pg_catalog,pg_ts_config_map,0,0,0,0,0,0,0,0,0,0,0,0,0,0,,,,
1416686331.26301,pg_catalog,pg_largeobject_metadata,0,0,0,0,0,0,0,0,0,0,0,0,0,0,,,,
1416686331.26301,pg_catalog,pg_am,44598,44598,0,0,0,0,0,0,0,0,475,44123,0,0,,,,
1416686331.26301,pg_toast,pg_toast_12718,0,0,0,0,0,0,0,0,0,0,0,0,0,0,,,,
1416686331.26301,pg_catalog,pg_ts_template,0,0,0,0,0,0,0,0,0,0,0,0,0,0,,,,
1416686331.26301,pg_catalog,pg_foreign_server,0,0,0,0,0,0,0,0,0,0,0,0,0,0,,,,
1416686331.26301,pg_catalog,pg_namespace,1614,56638,200614,164109,42,0,0,0,42,0,486,165343,2360,237542,,,,
1416686331.26301,pg_toast,pg_toast_2619,0,0,145719,492844,6198,0,5948,0,260,23,48425,193616,2899,295560,,,,
1416686331.26301,pg_catalog,pg_authid,892,892,73358,73358,0,0,0,0,0,0,412,73838,1945,144771,,,,
1416686331.26301,pg_catalog,pg_default_acl,0,0,4620,0,0,0,0,0,0,0,0,0,522,4098,,,,
1416686331.26301,public,partsupp,13,64000000,27953,111716,8000000,0,0,0,8000000,0,1008175,1514902,40203,66026,,,,
1416686331.26301,public,supplier,8,600000,3301492,4285504,100000,0,0,0,100000,0,12487,3337394,1089,6621185,,,,
1416686331.26301,pg_catalog,pg_shdepend,0,0,6279,1198,0,0,0,0,0,0,570,628,2236,6345,,,,
1416686331.26301,pg_catalog,pg_constraint,0,0,328,160,168,0,160,0,10,48,93,928,168,1672,0,0,0,0
1416686331.26301,pg_catalog,pg_index,5440,512609,400402,573698,903,0,875,0,143,73,4386,563389,2753,458882,,,,
1416686331.26301,pg_catalog,pg_ts_dict,0,0,0,0,0,0,0,0,0,0,0,0,0,0,,,,
1416686331.26301,pg_toast,pg_toast_2604,0,0,0,0,0,0,0,0,0,0,0,0,0,0,,,,
1416686331.26301,pg_catalog,pg_proc,0,0,322738,478894,0,0,0,0,0,0,31260,317071,12976,702161,0,0,0,0
1416686391.2653,pg_catalog,pg_attrdef,0,0,0,0,0,0,0,0,0,0,0,0,0,0,0,0,0,0
1416686391.2653,pg_catalog,pg_db_role_setting,0,0,158840,0,0,0,0,0,0,0,0,0,403,158437,0,0,0,0
1416686391.2653,pg_toast,pg_toast_12713,0,0,0,0,0,0,0,0,0,0,0,0,0,0,,,,
1416686391.2653,pg_catalog,pg_rowsecurity,0,0,0,0,0,0,0,0,0,0,0,0,0,0,,,,
1416686391.2653,pg_catalog,pg_description,0,0,5100,0,0,0,0,0,0,0,0,0,1622,9728,0,0,0,0
1416686391.2653,pg_catalog,pg_foreign_data_wrapper,0,0,0,0,0,0,0,0,0,0,0,0,0,0,,,,
1416686391.2653,pg_catalog,pg_conversion,0,0,0,0,0,0,0,0,0,0,0,0,0,0,,,,
1416686391.2653,public,nation,71,400,25283,25355,25,0,0,0,25,0,10,25299,15,25327,,,,
1416686391.2653,public,lineitem,50,1080225083,7113164,453072124,60165770,0,120391,0,60045358,120391,22843846,33167675,1362724,30683801,,,,
1416686391.2653,pg_catalog,pg_class,13605,3062642,915448,838198,2064,634,2026,620,337,89,8346,960961,8085,1915990,,,,
1416686391.2653,information_schema,sql_implementation_info,0,0,,,0,0,0,0,0,0,0,0,,,0,0,0,0
1416686391.2653,pg_catalog,pg_opfamily,0,0,0,0,0,0,0,0,0,0,0,0,0,0,,,,
1416686391.2653,pg_catalog,pg_auth_members,0,0,0,0,0,0,0,0,0,0,0,0,0,0,,,,
1416686391.2653,pg_catalog,pg_operator,0,0,285736,1491863,0,0,0,0,0,0,7218,1033046,6362,619656,,,,
1416686391.2653,information_schema,sql_languages,0,0,,,0,0,0,0,0,0,0,0,,,0,0,0,0
1416686391.2653,pg_toast,pg_toast_12693,0,0,0,0,0,0,0,0,0,0,0,0,0,0,,,,
1416686391.2653,pg_catalog,pg_attribute,2827,19275,746848,1682507,7534,210,7356,181,2514,306,25299,835309,6870,1564049,,,,
1416686391.2653,pg_toast,pg_toast_12698,0,0,0,0,0,0,0,0,0,0,0,0,0,0,,,,
1416686391.2653,pg_catalog,pg_tablespace,2,4,26284,26284,0,0,0,0,0,0,690,25596,1442,51252,,,,
1416686391.2653,pg_catalog,pg_statistic,0,0,203932,195929,1702,4744,1636,4044,467,77,19610,189969,2233,437383,48487,194909,2899,297443
1416686391.2653,pg_toast,pg_toast_12703,0,0,0,0,0,0,0,0,0,0,0,0,0,0,,,,
1416686391.2653,information_schema,sql_packages,0,0,,,0,0,0,0,0,0,0,0,,,0,0,0,0
1416686391.2653,information_schema,sql_sizing_profiles,0,0,,,0,0,0,0,0,0,0,0,,,0,0,0,0
1416686391.2653,pg_catalog,pg_aggregate,0,0,19758,19758,0,0,0,0,0,0,1385,18373,3197,31246,,,,
1416686391.2653,pg_catalog,pg_inherits,0,0,1150,0,0,0,0,0,0,0,0,0,576,574,,,,
1416686391.2653,public,time_statistics,38,884,,,49,38,0,38,49,38,4,122,,,,,,
1416686391.2653,pg_catalog,pg_enum,0,0,0,0,0,0,0,0,0,0,0,0,0,0,,,,
1416686391.2653,public,part,19,18000000,195,4076745,2000000,0,0,0,2000000,0,301129,452122,48824,652,,,,
1416686391.2653,pg_toast,pg_toast_2396,0,0,0,0,0,0,0,0,0,0,0,0,0,0,,,,
1416686391.2653,pg_catalog,pg_pltemplate,0,0,0,0,0,0,0,0,0,0,0,0,0,0,,,,
1416686391.2653,pg_toast,pg_toast_2618,0,0,3771,12042,0,0,0,0,0,0,2346,2280,677,5407,,,,
1416686391.2653,pg_toast,pg_toast_3596,0,0,0,0,0,0,0,0,0,0,0,0,0,0,,,,
1416686391.2653,information_schema,sql_features,0,0,,,0,0,0,0,0,0,0,0,,,0,0,0,0
1416686391.2653,pg_toast,pg_toast_2606,0,0,0,0,0,0,0,0,0,0,0,0,0,0,,,,
1416686391.2653,pg_toast,pg_toast_12723,0,0,0,0,0,0,0,0,0,0,0,0,0,0,,,,
1416686391.2653,pg_toast,pg_toast_2964,0,0,0,0,0,0,0,0,0,0,0,0,0,0,,,,
1416686391.2653,pg_catalog,pg_database,3882,15030,129203,129201,1,0,0,0,1,0,277,132807,1863,206679,,,,
1416686391.2653,information_schema,sql_sizing,0,0,,,0,0,0,0,0,0,0,0,,,0,0,0,0
1416686391.2653,pg_toast,pg_toast_2620,0,0,0,0,0,0,0,0,0,0,0,0,0,0,,,,
1416686391.2653,pg_catalog,pg_depend,0,0,47988,51575,8850,0,8761,0,7106,1256,9168,59668,13033,123776,,,,
1416686391.2653,pg_catalog,pg_language,0,0,0,0,0,0,0,0,0,0,0,0,0,0,,,,
1416686391.2653,pg_catalog,pg_amproc,514,1028,169393,361737,0,0,0,0,0,0,1905,166452,1488,375470,,,,
1416686391.2653,pg_catalog,pg_collation,0,0,0,0,0,0,0,0,0,0,0,0,0,0,,,,
1416686391.2653,pg_toast,pg_toast_12708,0,0,0,0,0,0,0,0,0,0,0,0,0,0,,,,
1416686391.2653,pg_catalog,pg_range,0,0,8857,0,0,0,0,0,0,0,0,0,3253,14461,,,,
1416686391.2653,pg_toast,pg_toast_2609,0,0,0,0,0,0,0,0,0,0,0,0,0,0,,,,
1416686391.2653,pg_catalog,pg_opclass,514,514,230933,2521398,0,0,0,0,0,0,1485,1003630,3324,281420,,,,
1416686391.2653,pg_catalog,pg_rewrite,0,0,9033,7131,634,0,634,0,110,46,4747,7728,2126,13268,2346,2280,1354,10814
1416686391.2653,pg_toast,pg_toast_1255,0,0,0,0,0,0,0,0,0,0,0,0,0,0,,,,
1416686391.2653,pg_catalog,pg_seclabel,0,0,5100,0,0,0,0,0,0,0,0,0,523,4577,0,0,0,0
1416686391.2653,pg_catalog,pg_ts_parser,0,0,0,0,0,0,0,0,0,0,0,0,0,0,,,,
1416686391.2653,public,region,6280,31295,54,54,5,0,0,0,5,0,9,6314,10,66,,,,
1416686391.2653,pg_catalog,pg_trigger,0,0,0,0,0,0,0,0,0,0,0,0,0,0,0,0,0,0
1416686391.2653,pg_catalog,pg_shseclabel,0,0,0,0,0,0,0,0,0,0,0,0,0,0,,,,
1416686391.2653,pg_catalog,pg_event_trigger,0,0,1958,0,0,0,0,0,0,0,0,0,572,1386,,,,
1416686391.2653,public,orders,36,165105000,7056039,112146032,15045000,0,30000,0,15015000,30000,2215867,10992718,165217,21403738,,,,
1416686391.2653,pg_catalog,pg_foreign_table,0,0,0,0,0,0,0,0,0,0,0,0,0,0,,,,
1416686391.2653,pg_catalog,pg_extension,0,0,0,0,0,0,0,0,0,0,0,0,0,0,,,,
1416686391.2653,pg_catalog,pg_ts_config,0,0,0,0,0,0,0,0,0,0,0,0,0,0,,,,
1416686391.2653,pg_catalog,pg_shdescription,0,0,0,0,0,0,0,0,0,0,0,0,0,0,0,0,0,0
1416686391.2653,pg_catalog,pg_cast,0,0,1239781,293989,0,0,0,0,0,0,1484,292505,927,1274330,,,,
1416686391.2653,pg_catalog,pg_amop,0,0,323448,571094,0,0,0,0,0,0,2522,546677,5791,684697,,,,
1416686391.2653,pg_catalog,pg_user_mapping,0,0,0,0,0,0,0,0,0,0,0,0,0,0,,,,
1416686391.2653,pg_catalog,pg_type,0,0,877208,868564,2299,0,2280,0,360,77,5509,873067,8439,1802900,,,,
1416686391.2653,information_schema,sql_parts,0,0,,,0,0,0,0,0,0,0,0,,,0,0,0,0
1416686391.2653,pg_catalog,pg_largeobject,0,0,0,0,0,0,0,0,0,0,0,0,0,0,,,,
1416686391.2653,public,customer,30,15000000,220,38372439,1500000,0,0,0,1500000,0,184139,1378756,20541,748,,,,
1416686391.2653,pg_catalog,pg_ts_config_map,0,0,0,0,0,0,0,0,0,0,0,0,0,0,,,,
1416686391.2653,pg_catalog,pg_largeobject_metadata,0,0,0,0,0,0,0,0,0,0,0,0,0,0,,,,
1416686391.2653,pg_catalog,pg_am,44837,44837,0,0,0,0,0,0,0,0,475,44362,0,0,,,,
1416686391.2653,pg_toast,pg_toast_12718,0,0,0,0,0,0,0,0,0,0,0,0,0,0,,,,
1416686391.2653,pg_catalog,pg_ts_template,0,0,0,0,0,0,0,0,0,0,0,0,0,0,,,,
1416686391.2653,pg_catalog,pg_foreign_server,0,0,0,0,0,0,0,0,0,0,0,0,0,0,,,,
1416686391.2653,pg_catalog,pg_namespace,1616,56734,201129,164487,42,0,0,0,42,0,486,165723,2363,238198,,,,
1416686391.2653,pg_toast,pg_toast_2619,0,0,146609,495922,6200,0,5950,0,260,25,48487,194909,2899,297443,,,,
1416686391.2653,pg_catalog,pg_authid,895,895,73661,73661,0,0,0,0,0,0,413,74143,1949,145373,,,,
1416686391.2653,pg_catalog,pg_default_acl,0,0,4640,0,0,0,0,0,0,0,0,0,523,4117,,,,
1416686391.2653,public,partsupp,33,64000000,28017,111780,8000000,0,0,0,8000000,0,1008177,1514964,40209,66232,,,,
1416686391.2653,public,supplier,18,800000,3326123,4410134,100000,0,0,0,100000,0,14666,3366382,1369,6670370,,,,
1416686391.2653,pg_catalog,pg_shdepend,0,0,6304,1203,0,0,0,0,0,0,571,632,2242,6374,,,,
1416686391.2653,pg_catalog,pg_constraint,0,0,328,160,168,0,160,0,10,48,93,928,168,1672,0,0,0,0
1416686391.2653,pg_catalog,pg_index,5445,513324,402638,577022,904,0,876,0,143,74,4389,566708,2753,461364,,,,
1416686391.2653,pg_catalog,pg_ts_dict,0,0,0,0,0,0,0,0,0,0,0,0,0,0,,,,
1416686391.2653,pg_toast,pg_toast_2604,0,0,0,0,0,0,0,0,0,0,0,0,0,0,,,,
1416686391.2653,pg_catalog,pg_proc,0,0,324288,481357,0,0,0,0,0,0,31286,318705,12986,705522,0,0,0,0
1416686451.26729,pg_catalog,pg_attrdef,0,0,0,0,0,0,0,0,0,0,0,0,0,0,0,0,0,0
1416686451.26729,pg_catalog,pg_db_role_setting,0,0,159024,0,0,0,0,0,0,0,0,0,403,158621,0,0,0,0
1416686451.26729,pg_toast,pg_toast_12713,0,0,0,0,0,0,0,0,0,0,0,0,0,0,,,,
1416686451.26729,pg_catalog,pg_rowsecurity,0,0,0,0,0,0,0,0,0,0,0,0,0,0,,,,
1416686451.26729,pg_catalog,pg_description,0,0,5104,0,0,0,0,0,0,0,0,0,1625,9734,0,0,0,0
1416686451.26729,pg_catalog,pg_foreign_data_wrapper,0,0,0,0,0,0,0,0,0,0,0,0,0,0,,,,
1416686451.26729,pg_catalog,pg_conversion,0,0,0,0,0,0,0,0,0,0,0,0,0,0,,,,
1416686451.26729,public,nation,75,500,25295,25367,25,0,0,0,25,0,11,25314,18,25339,,,,
1416686451.26729,public,lineitem,53,1260361444,9786290,640464179,60225420,0,180117,0,60045282,180117,27111285,38472295,1622511,42185397,,,,
1416686451.26729,pg_catalog,pg_class,13615,3065692,916360,839045,2066,634,2028,620,337,87,8355,961909,8090,1917916,,,,
1416686451.26729,information_schema,sql_implementation_info,0,0,,,0,0,0,0,0,0,0,0,,,0,0,0,0
1416686451.26729,pg_catalog,pg_opfamily,0,0,0,0,0,0,0,0,0,0,0,0,0,0,,,,
1416686451.26729,pg_catalog,pg_auth_members,0,0,0,0,0,0,0,0,0,0,0,0,0,0,,,,
1416686451.26729,pg_catalog,pg_operator,0,0,285995,1493668,0,0,0,0,0,0,7218,1034268,6363,620231,,,,
1416686451.26729,information_schema,sql_languages,0,0,,,0,0,0,0,0,0,0,0,,,0,0,0,0
1416686451.26729,pg_toast,pg_toast_12693,0,0,0,0,0,0,0,0,0,0,0,0,0,0,,,,
1416686451.26729,pg_catalog,pg_attribute,2827,19275,747517,1683972,7542,210,7364,181,2514,312,25322,836024,6877,1565460,,,,
1416686451.26729,pg_toast,pg_toast_12698,0,0,0,0,0,0,0,0,0,0,0,0,0,0,,,,
1416686451.26729,pg_catalog,pg_tablespace,2,4,26313,26313,0,0,0,0,0,0,690,25625,1442,51310,,,,
1416686451.26729,pg_catalog,pg_statistic,0,0,204090,196080,1703,4744,1637,4044,467,78,19637,190098,2235,437728,48541,194995,2899,297639
1416686451.26729,pg_toast,pg_toast_12703,0,0,0,0,0,0,0,0,0,0,0,0,0,0,,,,
1416686451.26729,information_schema,sql_packages,0,0,,,0,0,0,0,0,0,0,0,,,0,0,0,0
1416686451.26729,information_schema,sql_sizing_profiles,0,0,,,0,0,0,0,0,0,0,0,,,0,0,0,0
1416686451.26729,pg_catalog,pg_aggregate,0,0,19770,19770,0,0,0,0,0,0,1385,18385,3198,31268,,,,
1416686451.26729,pg_catalog,pg_inherits,0,0,1151,0,0,0,0,0,0,0,0,0,577,574,,,,
1416686451.26729,public,time_statistics,51,1598,,,62,51,0,51,62,51,4,161,,,,,,
1416686451.26729,pg_catalog,pg_enum,0,0,0,0,0,0,0,0,0,0,0,0,0,0,,,,
1416686451.26729,public,part,20,20000000,244,6127116,2000000,0,0,0,2000000,0,362007,510849,49211,723,,,,
1416686451.26729,pg_toast,pg_toast_2396,0,0,0,0,0,0,0,0,0,0,0,0,0,0,,,,
1416686451.26729,pg_catalog,pg_pltemplate,0,0,0,0,0,0,0,0,0,0,0,0,0,0,,,,
1416686451.26729,pg_toast,pg_toast_2618,0,0,3776,12058,0,0,0,0,0,0,2351,2281,679,5413,,,,
1416686451.26729,pg_toast,pg_toast_3596,0,0,0,0,0,0,0,0,0,0,0,0,0,0,,,,
1416686451.26729,information_schema,sql_features,0,0,,,0,0,0,0,0,0,0,0,,,0,0,0,0
1416686451.26729,pg_toast,pg_toast_2606,0,0,0,0,0,0,0,0,0,0,0,0,0,0,,,,
1416686451.26729,pg_toast,pg_toast_12723,0,0,0,0,0,0,0,0,0,0,0,0,0,0,,,,
1416686451.26729,pg_toast,pg_toast_2964,0,0,0,0,0,0,0,0,0,0,0,0,0,0,,,,
1416686451.26729,pg_catalog,pg_database,3885,15042,129353,129351,1,0,0,0,1,0,277,132960,1863,206921,,,,
1416686451.26729,information_schema,sql_sizing,0,0,,,0,0,0,0,0,0,0,0,,,0,0,0,0
1416686451.26729,pg_toast,pg_toast_2620,0,0,0,0,0,0,0,0,0,0,0,0,0,0,,,,
1416686451.26729,pg_catalog,pg_depend,0,0,48019,51599,8854,0,8765,0,7106,1260,9179,59694,13049,123840,,,,
1416686451.26729,pg_catalog,pg_language,0,0,0,0,0,0,0,0,0,0,0,0,0,0,,,,
1416686451.26729,pg_catalog,pg_amproc,514,1028,169562,362221,0,0,0,0,0,0,1905,166617,1488,375853,,,,
1416686451.26729,pg_catalog,pg_collation,0,0,0,0,0,0,0,0,0,0,0,0,0,0,,,,
1416686451.26729,pg_toast,pg_toast_12708,0,0,0,0,0,0,0,0,0,0,0,0,0,0,,,,
1416686451.26729,pg_catalog,pg_range,0,0,8870,0,0,0,0,0,0,0,0,0,3253,14487,,,,
1416686451.26729,pg_toast,pg_toast_2609,0,0,0,0,0,0,0,0,0,0,0,0,0,0,,,,
1416686451.26729,pg_catalog,pg_opclass,514,514,231136,2523236,0,0,0,0,0,0,1485,1004381,3325,281678,,,,
1416686451.26729,pg_catalog,pg_rewrite,0,0,9040,7138,634,0,634,0,110,46,4752,7730,2128,13278,2351,2281,1358,10826
1416686451.26729,pg_toast,pg_toast_1255,0,0,0,0,0,0,0,0,0,0,0,0,0,0,,,,
1416686451.26729,pg_catalog,pg_seclabel,0,0,5104,0,0,0,0,0,0,0,0,0,524,4580,0,0,0,0
1416686451.26729,pg_catalog,pg_ts_parser,0,0,0,0,0,0,0,0,0,0,0,0,0,0,,,,
1416686451.26729,public,region,6280,31295,54,54,5,0,0,0,5,0,9,6314,10,66,,,,
1416686451.26729,pg_catalog,pg_trigger,0,0,0,0,0,0,0,0,0,0,0,0,0,0,0,0,0,0
1416686451.26729,pg_catalog,pg_shseclabel,0,0,0,0,0,0,0,0,0,0,0,0,0,0,,,,
1416686451.26729,pg_catalog,pg_event_trigger,0,0,1959,0,0,0,0,0,0,0,0,0,573,1386,,,,
1416686451.26729,public,orders,38,195135000,8591877,143711868,15060000,0,45000,0,15015000,45000,2812089,12963994,195151,26095091,,,,
1416686451.26729,pg_catalog,pg_foreign_table,0,0,0,0,0,0,0,0,0,0,0,0,0,0,,,,
1416686451.26729,pg_catalog,pg_extension,0,0,0,0,0,0,0,0,0,0,0,0,0,0,,,,
1416686451.26729,pg_catalog,pg_ts_config,0,0,0,0,0,0,0,0,0,0,0,0,0,0,,,,
1416686451.26729,pg_catalog,pg_shdescription,0,0,0,0,0,0,0,0,0,0,0,0,0,0,0,0,0,0
1416686451.26729,pg_catalog,pg_cast,0,0,1241078,294272,0,0,0,0,0,0,1484,292788,927,1275669,,,,
1416686451.26729,pg_catalog,pg_amop,0,0,323704,571568,0,0,0,0,0,0,2522,547128,5792,685251,,,,
1416686451.26729,pg_catalog,pg_user_mapping,0,0,0,0,0,0,0,0,0,0,0,0,0,0,,,,
1416686451.26729,pg_catalog,pg_type,0,0,878278,869626,2301,0,2282,0,360,79,5514,874131,8446,1805093,,,,
1416686451.26729,information_schema,sql_parts,0,0,,,0,0,0,0,0,0,0,0,,,0,0,0,0
1416686451.26729,pg_catalog,pg_largeobject,0,0,0,0,0,0,0,0,0,0,0,0,0,0,,,,
1416686451.26729,public,customer,32,18000000,233,38672892,1500000,0,0,0,1500000,0,277018,1391721,21713,778,,,,
1416686451.26729,pg_catalog,pg_ts_config_map,0,0,0,0,0,0,0,0,0,0,0,0,0,0,,,,
1416686451.26729,pg_catalog,pg_largeobject_metadata,0,0,0,0,0,0,0,0,0,0,0,0,0,0,,,,
1416686451.26729,pg_catalog,pg_am,44895,44895,0,0,0,0,0,0,0,0,475,44420,0,0,,,,
1416686451.26729,pg_toast,pg_toast_12718,0,0,0,0,0,0,0,0,0,0,0,0,0,0,,,,
1416686451.26729,pg_catalog,pg_ts_template,0,0,0,0,0,0,0,0,0,0,0,0,0,0,,,,
1416686451.26729,pg_catalog,pg_foreign_server,0,0,0,0,0,0,0,0,0,0,0,0,0,0,,,,
1416686451.26729,pg_catalog,pg_namespace,1618,56830,201398,164712,42,0,0,0,42,0,486,165950,2365,238511,,,,
1416686451.26729,pg_toast,pg_toast_2619,0,0,146698,496214,6202,0,5952,0,260,27,48541,194995,2899,297639,,,,
1416686451.26729,pg_catalog,pg_authid,896,896,73749,73749,0,0,0,0,0,0,413,74232,1949,145549,,,,
1416686451.26729,pg_catalog,pg_default_acl,0,0,4644,0,0,0,0,0,0,0,0,0,524,4120,,,,
1416686451.26729,public,partsupp,34,72000000,28019,111782,8000000,0,0,0,8000000,0,1179135,1514966,40215,66233,,,,
1416686451.26729,public,supplier,19,900000,3326133,4510198,100000,0,0,0,100000,0,16899,3368570,1378,6670387,,,,
1416686451.26729,pg_catalog,pg_shdepend,0,0,6309,1204,0,0,0,0,0,0,572,632,2246,6377,,,,
1416686451.26729,pg_catalog,pg_constraint,0,0,328,160,168,0,160,0,10,48,93,928,168,1672,0,0,0,0
1416686451.26729,pg_catalog,pg_index,5450,514039,402964,577495,905,0,877,0,143,75,4392,567195,2753,461754,,,,
1416686451.26729,pg_catalog,pg_ts_dict,0,0,0,0,0,0,0,0,0,0,0,0,0,0,,,,
1416686451.26729,pg_toast,pg_toast_2604,0,0,0,0,0,0,0,0,0,0,0,0,0,0,,,,
1416686451.26729,pg_catalog,pg_proc,0,0,324617,481792,0,0,0,0,0,0,31321,319017,12996,706256,0,0,0,0
1416686511.26905,pg_catalog,pg_attrdef,0,0,0,0,0,0,0,0,0,0,0,0,0,0,0,0,0,0
1416686511.26905,pg_catalog,pg_db_role_setting,0,0,159168,0,0,0,0,0,0,0,0,0,403,158765,0,0,0,0
1416686511.26905,pg_toast,pg_toast_12713,0,0,0,0,0,0,0,0,0,0,0,0,0,0,,,,
1416686511.26905,pg_catalog,pg_rowsecurity,0,0,0,0,0,0,0,0,0,0,0,0,0,0,,,,
1416686511.26905,pg_catalog,pg_description,0,0,5116,0,0,0,0,0,0,0,0,0,1632,9754,0,0,0,0
1416686511.26905,pg_catalog,pg_foreign_data_wrapper,0,0,0,0,0,0,0,0,0,0,0,0,0,0,,,,
1416686511.26905,pg_catalog,pg_conversion,0,0,0,0,0,0,0,0,0,0,0,0,0,0,,,,
1416686511.26905,public,nation,77,550,25308,25404,25,0,0,0,25,0,12,25328,21,25351,,,,
1416686511.26905,public,lineitem,58,1560589947,10245134,762259054,60285860,0,299552,0,59986287,299552,30315140,43420988,1824836,44883723,,,,
1416686511.26905,pg_catalog,pg_class,13636,3068753,917268,839893,2071,635,2033,621,337,86,8366,962909,8102,1919828,,,,
1416686511.26905,information_schema,sql_implementation_info,0,0,,,0,0,0,0,0,0,0,0,,,0,0,0,0
1416686511.26905,pg_catalog,pg_opfamily,0,0,0,0,0,0,0,0,0,0,0,0,0,0,,,,
1416686511.26905,pg_catalog,pg_auth_members,0,0,0,0,0,0,0,0,0,0,0,0,0,0,,,,
1416686511.26905,pg_catalog,pg_operator,0,0,286151,1494815,0,0,0,0,0,0,7231,1035019,6368,620586,,,,
1416686511.26905,information_schema,sql_languages,0,0,,,0,0,0,0,0,0,0,0,,,0,0,0,0
1416686511.26905,pg_toast,pg_toast_12693,0,0,0,0,0,0,0,0,0,0,0,0,0,0,,,,
1416686511.26905,pg_catalog,pg_attribute,2838,19350,748172,1685556,7560,210,7382,181,2514,330,25385,836859,6889,1566871,,,,
1416686511.26905,pg_toast,pg_toast_12698,0,0,0,0,0,0,0,0,0,0,0,0,0,0,,,,
1416686511.26905,pg_catalog,pg_tablespace,2,4,26337,26337,0,0,0,0,0,0,690,25649,1442,51358,,,,
1416686511.26905,pg_catalog,pg_statistic,0,0,204204,196185,1705,4744,1639,4044,467,80,19673,190177,2237,437982,48594,195051,2901,297788
1416686511.26905,pg_toast,pg_toast_12703,0,0,0,0,0,0,0,0,0,0,0,0,0,0,,,,
1416686511.26905,information_schema,sql_packages,0,0,,,0,0,0,0,0,0,0,0,,,0,0,0,0
1416686511.26905,information_schema,sql_sizing_profiles,0,0,,,0,0,0,0,0,0,0,0,,,0,0,0,0
1416686511.26905,pg_catalog,pg_aggregate,0,0,19779,19779,0,0,0,0,0,0,1387,18392,3203,31279,,,,
1416686511.26905,pg_catalog,pg_inherits,0,0,1154,0,0,0,0,0,0,0,0,0,580,574,,,,
1416686511.26905,public,time_statistics,62,2331,,,71,62,0,62,71,14,5,191,,,,,,
1416686511.26905,pg_catalog,pg_enum,0,0,0,0,0,0,0,0,0,0,0,0,0,0,,,,
1416686511.26905,public,part,20,20000000,247,6129087,2000000,0,0,0,2000000,0,363932,510849,49235,724,,,,
1416686511.26905,pg_toast,pg_toast_2396,0,0,0,0,0,0,0,0,0,0,0,0,0,0,,,,
1416686511.26905,pg_catalog,pg_pltemplate,0,0,0,0,0,0,0,0,0,0,0,0,0,0,,,,
1416686511.26905,pg_toast,pg_toast_2618,0,0,3781,12074,0,0,0,0,0,0,2356,2282,681,5419,,,,
1416686511.26905,pg_toast,pg_toast_3596,0,0,0,0,0,0,0,0,0,0,0,0,0,0,,,,
1416686511.26905,information_schema,sql_features,0,0,,,0,0,0,0,0,0,0,0,,,0,0,0,0
1416686511.26905,pg_toast,pg_toast_2606,0,0,0,0,0,0,0,0,0,0,0,0,0,0,,,,
1416686511.26905,pg_toast,pg_toast_12723,0,0,0,0,0,0,0,0,0,0,0,0,0,0,,,,
1416686511.26905,pg_toast,pg_toast_2964,0,0,0,0,0,0,0,0,0,0,0,0,0,0,,,,
1416686511.26905,pg_catalog,pg_database,3888,15054,129473,129471,1,0,0,0,1,0,277,133083,1863,207113,,,,
1416686511.26905,information_schema,sql_sizing,0,0,,,0,0,0,0,0,0,0,0,,,0,0,0,0
1416686511.26905,pg_toast,pg_toast_2620,0,0,0,0,0,0,0,0,0,0,0,0,0,0,,,,
1416686511.26905,pg_catalog,pg_depend,0,0,48125,51699,8871,0,8782,0,7106,1277,9210,59802,13092,124083,,,,
1416686511.26905,pg_catalog,pg_language,0,0,0,0,0,0,0,0,0,0,0,0,0,0,,,,
1416686511.26905,pg_catalog,pg_amproc,516,1032,169692,362586,0,0,0,0,0,0,1911,166748,1490,376146,,,,
1416686511.26905,pg_catalog,pg_collation,0,0,0,0,0,0,0,0,0,0,0,0,0,0,,,,
1416686511.26905,pg_toast,pg_toast_12708,0,0,0,0,0,0,0,0,0,0,0,0,0,0,,,,
1416686511.26905,pg_catalog,pg_range,0,0,8881,0,0,0,0,0,0,0,0,0,3261,14501,,,,
1416686511.26905,pg_toast,pg_toast_2609,0,0,0,0,0,0,0,0,0,0,0,0,0,0,,,,
1416686511.26905,pg_catalog,pg_opclass,516,516,231286,2524535,0,0,0,0,0,0,1485,1004913,3328,281870,,,,
1416686511.26905,pg_catalog,pg_rewrite,0,0,9053,7148,635,0,635,0,110,47,4762,7736,2136,13292,2356,2282,1362,10838
1416686511.26905,pg_toast,pg_toast_1255,0,0,0,0,0,0,0,0,0,0,0,0,0,0,,,,
1416686511.26905,pg_catalog,pg_seclabel,0,0,5116,0,0,0,0,0,0,0,0,0,526,4590,0,0,0,0
1416686511.26905,pg_catalog,pg_ts_parser,0,0,0,0,0,0,0,0,0,0,0,0,0,0,,,,
1416686511.26905,public,region,6281,31300,56,56,5,0,0,0,5,0,10,6316,12,67,,,,
1416686511.26905,pg_catalog,pg_trigger,0,0,0,0,0,0,0,0,0,0,0,0,0,0,0,0,0,0
1416686511.26905,pg_catalog,pg_shseclabel,0,0,0,0,0,0,0,0,0,0,0,0,0,0,,,,
1416686511.26905,pg_catalog,pg_event_trigger,0,0,1962,0,0,0,0,0,0,0,0,0,575,1387,,,,
1416686511.26905,public,orders,42,255195000,8591888,158726878,15075000,0,75000,0,15000000,75000,3043576,14035239,195251,26200282,,,,
1416686511.26905,pg_catalog,pg_foreign_table,0,0,0,0,0,0,0,0,0,0,0,0,0,0,,,,
1416686511.26905,pg_catalog,pg_extension,0,0,0,0,0,0,0,0,0,0,0,0,0,0,,,,
1416686511.26905,pg_catalog,pg_ts_config,0,0,0,0,0,0,0,0,0,0,0,0,0,0,,,,
1416686511.26905,pg_catalog,pg_shdescription,0,0,0,0,0,0,0,0,0,0,0,0,0,0,0,0,0,0
1416686511.26905,pg_catalog,pg_cast,0,0,1242061,294488,0,0,0,0,0,0,1488,293000,927,1276685,,,,
1416686511.26905,pg_catalog,pg_amop,0,0,323868,571885,0,0,0,0,0,0,2527,547425,5795,685611,,,,
1416686511.26905,pg_catalog,pg_user_mapping,0,0,0,0,0,0,0,0,0,0,0,0,0,0,,,,
1416686511.26905,pg_catalog,pg_type,0,0,879164,870497,2307,0,2288,0,360,85,5527,875012,8459,1806917,,,,
1416686511.26905,information_schema,sql_parts,0,0,,,0,0,0,0,0,0,0,0,,,0,0,0,0
1416686511.26905,pg_catalog,pg_largeobject,0,0,0,0,0,0,0,0,0,0,0,0,0,0,,,,
1416686511.26905,public,customer,33,19500000,246,46172900,1500000,0,0,0,1500000,0,325168,1555247,21729,801,,,,
1416686511.26905,pg_catalog,pg_ts_config_map,0,0,0,0,0,0,0,0,0,0,0,0,0,0,,,,
1416686511.26905,pg_catalog,pg_largeobject_metadata,0,0,0,0,0,0,0,0,0,0,0,0,0,0,,,,
1416686511.26905,pg_catalog,pg_am,44941,44941,0,0,0,0,0,0,0,0,475,44466,0,0,,,,
1416686511.26905,pg_toast,pg_toast_12718,0,0,0,0,0,0,0,0,0,0,0,0,0,0,,,,
1416686511.26905,pg_catalog,pg_ts_template,0,0,0,0,0,0,0,0,0,0,0,0,0,0,,,,
1416686511.26905,pg_catalog,pg_foreign_server,0,0,0,0,0,0,0,0,0,0,0,0,0,0,,,,
1416686511.26905,pg_catalog,pg_namespace,1620,56926,201647,164926,42,0,0,0,42,0,486,166166,2371,238793,,,,
1416686511.26905,pg_toast,pg_toast_2619,0,0,146764,496415,6206,0,5956,0,260,31,48594,195051,2901,297788,,,,
1416686511.26905,pg_catalog,pg_authid,897,897,73818,73818,0,0,0,0,0,0,413,74302,1949,145687,,,,
1416686511.26905,pg_catalog,pg_default_acl,0,0,4656,0,0,0,0,0,0,0,0,0,526,4130,,,,
1416686511.26905,public,partsupp,36,88000000,28019,111782,8000000,0,0,0,8000000,0,1337377,1698640,40216,66233,,,,
1416686511.26905,public,supplier,20,1000000,3326148,4807175,100000,0,0,0,100000,0,16899,3377489,1388,6670679,,,,
1416686511.26905,pg_catalog,pg_shdepend,0,0,6324,1207,0,0,0,0,0,0,574,633,2255,6389,,,,
1416686511.26905,pg_catalog,pg_constraint,0,0,328,160,168,0,160,0,10,48,93,928,168,1672,0,0,0,0
1416686511.26905,pg_catalog,pg_index,5462,514761,403295,577945,907,0,879,0,144,2,4402,567679,2754,462142,,,,
1416686511.26905,pg_catalog,pg_ts_dict,0,0,0,0,0,0,0,0,0,0,0,0,0,0,,,,
1416686511.26905,pg_toast,pg_toast_2604,0,0,0,0,0,0,0,0,0,0,0,0,0,0,,,,
1416686511.26905,pg_catalog,pg_proc,0,0,324863,482141,0,0,0,0,0,0,31368,319241,13007,706804,0,0,0,0
1416686571.27169,pg_catalog,pg_attrdef,0,0,0,0,0,0,0,0,0,0,0,0,0,0,0,0,0,0
1416686571.27169,pg_catalog,pg_db_role_setting,0,0,159304,0,0,0,0,0,0,0,0,0,403,158901,0,0,0,0
1416686571.27169,pg_toast,pg_toast_12713,0,0,0,0,0,0,0,0,0,0,0,0,0,0,,,,
1416686571.27169,pg_catalog,pg_rowsecurity,0,0,0,0,0,0,0,0,0,0,0,0,0,0,,,,
1416686571.27169,pg_catalog,pg_description,0,0,5116,0,0,0,0,0,0,0,0,0,1632,9754,0,0,0,0
1416686571.27169,pg_catalog,pg_foreign_data_wrapper,0,0,0,0,0,0,0,0,0,0,0,0,0,0,,,,
1416686571.27169,pg_catalog,pg_conversion,0,0,0,0,0,0,0,0,0,0,0,0,0,0,,,,
1416686571.27169,public,nation,82,675,50620,50716,25,0,0,0,25,0,14,50643,26,50662,,,,
1416686571.27169,public,lineitem,59,1620635250,12543721,903474075,60285860,0,299552,0,59986287,299552,34061222,60426281,2258885,53707425,,,,
1416686571.27169,pg_catalog,pg_class,13646,3071803,918026,840605,2071,635,2033,621,337,86,8372,963717,8111,1921405,,,,
1416686571.27169,information_schema,sql_implementation_info,0,0,,,0,0,0,0,0,0,0,0,,,0,0,0,0
1416686571.27169,pg_catalog,pg_opfamily,0,0,0,0,0,0,0,0,0,0,0,0,0,0,,,,
1416686571.27169,pg_catalog,pg_auth_members,0,0,0,0,0,0,0,0,0,0,0,0,0,0,,,,
1416686571.27169,pg_catalog,pg_operator,0,0,286365,1496198,0,0,0,0,0,0,7242,1035964,6375,621055,,,,
1416686571.27169,information_schema,sql_languages,0,0,,,0,0,0,0,0,0,0,0,,,0,0,0,0
1416686571.27169,pg_toast,pg_toast_12693,0,0,0,0,0,0,0,0,0,0,0,0,0,0,,,,
1416686571.27169,pg_catalog,pg_attribute,2838,19350,748731,1686702,7560,210,7382,181,2514,330,25418,837423,6897,1568016,,,,
1416686571.27169,pg_toast,pg_toast_12698,0,0,0,0,0,0,0,0,0,0,0,0,0,0,,,,
1416686571.27169,pg_catalog,pg_tablespace,2,4,26360,26360,0,0,0,0,0,0,690,25672,1442,51404,,,,
1416686571.27169,pg_catalog,pg_statistic,0,0,204349,196324,1705,4747,1639,4047,467,78,19710,190282,2240,438293,48656,195124,2904,297969
1416686571.27169,pg_toast,pg_toast_12703,0,0,0,0,0,0,0,0,0,0,0,0,0,0,,,,
1416686571.27169,information_schema,sql_packages,0,0,,,0,0,0,0,0,0,0,0,,,0,0,0,0
1416686571.27169,information_schema,sql_sizing_profiles,0,0,,,0,0,0,0,0,0,0,0,,,0,0,0,0
1416686571.27169,pg_catalog,pg_aggregate,0,0,19793,19793,0,0,0,0,0,0,1392,18401,3212,31294,,,,
1416686571.27169,pg_catalog,pg_inherits,0,0,1154,0,0,0,0,0,0,0,0,0,580,574,,,,
1416686571.27169,public,time_statistics,71,3006,,,80,71,0,71,80,23,6,218,,,,,,
1416686571.27169,pg_catalog,pg_enum,0,0,0,0,0,0,0,0,0,0,0,0,0,0,,,,
1416686571.27169,public,part,21,22000000,266,8152866,2000000,0,0,0,2000000,0,449071,526388,54880,774,,,,
1416686571.27169,pg_toast,pg_toast_2396,0,0,0,0,0,0,0,0,0,0,0,0,0,0,,,,
1416686571.27169,pg_catalog,pg_pltemplate,0,0,0,0,0,0,0,0,0,0,0,0,0,0,,,,
1416686571.27169,pg_toast,pg_toast_2618,0,0,3786,12090,0,0,0,0,0,0,2361,2283,683,5425,,,,
1416686571.27169,pg_toast,pg_toast_3596,0,0,0,0,0,0,0,0,0,0,0,0,0,0,,,,
1416686571.27169,information_schema,sql_features,0,0,,,0,0,0,0,0,0,0,0,,,0,0,0,0
1416686571.27169,pg_toast,pg_toast_2606,0,0,0,0,0,0,0,0,0,0,0,0,0,0,,,,
1416686571.27169,pg_toast,pg_toast_12723,0,0,0,0,0,0,0,0,0,0,0,0,0,0,,,,
1416686571.27169,pg_toast,pg_toast_2964,0,0,0,0,0,0,0,0,0,0,0,0,0,0,,,,
1416686571.27169,pg_catalog,pg_database,3891,15066,129586,129584,1,0,0,0,1,0,277,133199,1863,207294,,,,
1416686571.27169,information_schema,sql_sizing,0,0,,,0,0,0,0,0,0,0,0,,,0,0,0,0
1416686571.27169,pg_toast,pg_toast_2620,0,0,0,0,0,0,0,0,0,0,0,0,0,0,,,,
1416686571.27169,pg_catalog,pg_depend,0,0,48125,51699,8871,0,8782,0,7106,1277,9210,59802,13092,124083,,,,
1416686571.27169,pg_catalog,pg_language,0,0,0,0,0,0,0,0,0,0,0,0,0,0,,,,
1416686571.27169,pg_catalog,pg_amproc,516,1032,169819,362941,0,0,0,0,0,0,1914,166866,1495,376428,,,,
1416686571.27169,pg_catalog,pg_collation,0,0,0,0,0,0,0,0,0,0,0,0,0,0,,,,
1416686571.27169,pg_toast,pg_toast_12708,0,0,0,0,0,0,0,0,0,0,0,0,0,0,,,,
1416686571.27169,pg_catalog,pg_range,0,0,8890,0,0,0,0,0,0,0,0,0,3265,14515,,,,
1416686571.27169,pg_toast,pg_toast_2609,0,0,0,0,0,0,0,0,0,0,0,0,0,0,,,,
1416686571.27169,pg_catalog,pg_opclass,516,516,231427,2525739,0,0,0,0,0,0,1487,1005408,3334,282048,,,,
1416686571.27169,pg_catalog,pg_rewrite,0,0,9060,7155,635,0,635,0,110,47,4767,7738,2138,13302,2361,2283,1366,10850
1416686571.27169,pg_toast,pg_toast_1255,0,0,0,0,0,0,0,0,0,0,0,0,0,0,,,,
1416686571.27169,pg_catalog,pg_seclabel,0,0,5116,0,0,0,0,0,0,0,0,0,526,4590,0,0,0,0
1416686571.27169,pg_catalog,pg_ts_parser,0,0,0,0,0,0,0,0,0,0,0,0,0,0,,,,
1416686571.27169,public,region,12606,62920,60,60,5,0,0,0,5,0,11,12643,14,70,,,,
1416686571.27169,pg_catalog,pg_trigger,0,0,0,0,0,0,0,0,0,0,0,0,0,0,0,0,0,0
1416686571.27169,pg_catalog,pg_shseclabel,0,0,0,0,0,0,0,0,0,0,0,0,0,0,,,,
1416686571.27169,pg_catalog,pg_event_trigger,0,0,1962,0,0,0,0,0,0,0,0,0,575,1387,,,,
1416686571.27169,public,orders,43,270210000,11840716,176975705,15075000,0,75000,0,15000000,75000,3969355,16867355,237209,35922670,,,,
1416686571.27169,pg_catalog,pg_foreign_table,0,0,0,0,0,0,0,0,0,0,0,0,0,0,,,,
1416686571.27169,pg_catalog,pg_extension,0,0,0,0,0,0,0,0,0,0,0,0,0,0,,,,
1416686571.27169,pg_catalog,pg_ts_config,0,0,0,0,0,0,0,0,0,0,0,0,0,0,,,,
1416686571.27169,pg_catalog,pg_shdescription,0,0,0,0,0,0,0,0,0,0,0,0,0,0,0,0,0,0
1416686571.27169,pg_catalog,pg_cast,0,0,1242979,294705,0,0,0,0,0,0,1489,293216,927,1277636,,,,
1416686571.27169,pg_catalog,pg_amop,0,0,324058,572224,0,0,0,0,0,0,2529,547745,5800,686023,,,,
1416686571.27169,pg_catalog,pg_user_mapping,0,0,0,0,0,0,0,0,0,0,0,0,0,0,,,,
1416686571.27169,pg_catalog,pg_type,0,0,879955,871288,2307,0,2288,0,360,85,5528,875802,8469,1808529,,,,
1416686571.27169,information_schema,sql_parts,0,0,,,0,0,0,0,0,0,0,0,,,0,0,0,0
1416686571.27169,pg_catalog,pg_largeobject,0,0,0,0,0,0,0,0,0,0,0,0,0,0,,,,
1416686571.27169,public,customer,34,21000000,250,46172904,1500000,0,0,0,1500000,0,360445,1555252,21738,808,,,,
1416686571.27169,pg_catalog,pg_ts_config_map,0,0,0,0,0,0,0,0,0,0,0,0,0,0,,,,
1416686571.27169,pg_catalog,pg_largeobject_metadata,0,0,0,0,0,0,0,0,0,0,0,0,0,0,,,,
1416686571.27169,pg_catalog,pg_am,44983,44983,0,0,0,0,0,0,0,0,476,44507,0,0,,,,
1416686571.27169,pg_toast,pg_toast_12718,0,0,0,0,0,0,0,0,0,0,0,0,0,0,,,,
1416686571.27169,pg_catalog,pg_ts_template,0,0,0,0,0,0,0,0,0,0,0,0,0,0,,,,
1416686571.27169,pg_catalog,pg_foreign_server,0,0,0,0,0,0,0,0,0,0,0,0,0,0,,,,
1416686571.27169,pg_catalog,pg_namespace,1622,57022,201885,165132,42,0,0,0,42,0,486,166374,2375,239062,,,,
1416686571.27169,pg_toast,pg_toast_2619,0,0,146850,496715,6206,0,5956,0,260,31,48656,195124,2904,297969,,,,
1416686571.27169,pg_catalog,pg_authid,898,898,73883,73883,0,0,0,0,0,0,413,74368,1949,145817,,,,
1416686571.27169,pg_catalog,pg_default_acl,0,0,4656,0,0,0,0,0,0,0,0,0,526,4130,,,,
1416686571.27169,public,partsupp,38,104000000,56099,224060,8000000,0,0,0,8000000,0,1678401,1730936,58424,132724,,,,
1416686571.27169,public,supplier,21,1100000,6600287,8681308,100000,0,0,0,100000,0,19077,6664697,1672,13236402,,,,
1416686571.27169,pg_catalog,pg_shdepend,0,0,6324,1207,0,0,0,0,0,0,574,633,2255,6389,,,,
1416686571.27169,pg_catalog,pg_constraint,0,0,328,160,168,0,160,0,10,48,93,928,168,1672,0,0,0,0
1416686571.27169,pg_catalog,pg_index,5467,515476,403545,578300,907,0,879,0,144,2,4403,568054,2758,462436,,,,
1416686571.27169,pg_catalog,pg_ts_dict,0,0,0,0,0,0,0,0,0,0,0,0,0,0,,,,
1416686571.27169,pg_toast,pg_toast_2604,0,0,0,0,0,0,0,0,0,0,0,0,0,0,,,,
1416686571.27169,pg_catalog,pg_proc,0,0,325143,482553,0,0,0,0,0,0,31423,319488,13024,707411,0,0,0,0
1416686631.27297,pg_catalog,pg_attrdef,0,0,0,0,0,0,0,0,0,0,0,0,0,0,0,0,0,0
1416686631.27297,pg_catalog,pg_db_role_setting,0,0,159440,0,0,0,0,0,0,0,0,0,404,159036,0,0,0,0
1416686631.27297,pg_toast,pg_toast_12713,0,0,0,0,0,0,0,0,0,0,0,0,0,0,,,,
1416686631.27297,pg_catalog,pg_rowsecurity,0,0,0,0,0,0,0,0,0,0,0,0,0,0,,,,
1416686631.27297,pg_catalog,pg_description,0,0,5120,0,0,0,0,0,0,0,0,0,1635,9760,0,0,0,0
1416686631.27297,pg_catalog,pg_foreign_data_wrapper,0,0,0,0,0,0,0,0,0,0,0,0,0,0,,,,
1416686631.27297,pg_catalog,pg_conversion,0,0,0,0,0,0,0,0,0,0,0,0,0,0,,,,
1416686631.27297,public,nation,84,725,50635,50755,25,0,0,0,25,0,15,50659,29,50676,,,,
1416686631.27297,public,lineitem,62,1800594174,13013346,1085655476,60285860,0,299552,0,59986287,299552,36730666,65063710,2427077,55425130,,,,
1416686631.27297,pg_catalog,pg_class,13656,3074853,918810,841339,2072,636,2034,622,337,88,8386,964545,8126,1923035,,,,
1416686631.27297,information_schema,sql_implementation_info,0,0,,,0,0,0,0,0,0,0,0,,,0,0,0,0
1416686631.27297,pg_catalog,pg_opfamily,0,0,0,0,0,0,0,0,0,0,0,0,0,0,,,,
1416686631.27297,pg_catalog,pg_auth_members,0,0,0,0,0,0,0,0,0,0,0,0,0,0,,,,
1416686631.27297,pg_catalog,pg_operator,0,0,286560,1497352,0,0,0,0,0,0,7257,1036735,6389,621478,,,,
1416686631.27297,information_schema,sql_languages,0,0,,,0,0,0,0,0,0,0,0,,,0,0,0,0
1416686631.27297,pg_toast,pg_toast_12693,0,0,0,0,0,0,0,0,0,0,0,0,0,0,,,,
1416686631.27297,pg_catalog,pg_attribute,2838,19350,749298,1687897,7562,210,7384,181,2514,332,25460,837994,6907,1569184,,,,
1416686631.27297,pg_toast,pg_toast_12698,0,0,0,0,0,0,0,0,0,0,0,0,0,0,,,,
1416686631.27297,pg_catalog,pg_tablespace,2,4,26383,26383,0,0,0,0,0,0,692,25693,1446,51446,,,,
1416686631.27297,pg_catalog,pg_statistic,0,0,204483,196451,1705,4747,1639,4047,467,78,19756,190363,2246,438578,48725,195177,2909,298136
1416686631.27297,pg_toast,pg_toast_12703,0,0,0,0,0,0,0,0,0,0,0,0,0,0,,,,
1416686631.27297,information_schema,sql_packages,0,0,,,0,0,0,0,0,0,0,0,,,0,0,0,0
1416686631.27297,information_schema,sql_sizing_profiles,0,0,,,0,0,0,0,0,0,0,0,,,0,0,0,0
1416686631.27297,pg_catalog,pg_aggregate,0,0,19808,19808,0,0,0,0,0,0,1395,18413,3219,31312,,,,
1416686631.27297,pg_catalog,pg_inherits,0,0,1155,0,0,0,0,0,0,0,0,0,581,574,,,,
1416686631.27297,public,time_statistics,80,3762,,,89,80,0,80,89,13,7,244,,,,,,
1416686631.27297,pg_catalog,pg_enum,0,0,0,0,0,0,0,0,0,0,0,0,0,0,,,,
1416686631.27297,public,part,22,24000000,283,10166128,2000000,0,0,0,2000000,0,530115,537683,54987,796,,,,
1416686631.27297,pg_toast,pg_toast_2396,0,0,0,0,0,0,0,0,0,0,0,0,0,0,,,,
1416686631.27297,pg_catalog,pg_pltemplate,0,0,0,0,0,0,0,0,0,0,0,0,0,0,,,,
1416686631.27297,pg_toast,pg_toast_2618,0,0,3791,12106,0,0,0,0,0,0,2366,2284,685,5431,,,,
1416686631.27297,pg_toast,pg_toast_3596,0,0,0,0,0,0,0,0,0,0,0,0,0,0,,,,
1416686631.27297,information_schema,sql_features,0,0,,,0,0,0,0,0,0,0,0,,,0,0,0,0
1416686631.27297,pg_toast,pg_toast_2606,0,0,0,0,0,0,0,0,0,0,0,0,0,0,,,,
1416686631.27297,pg_toast,pg_toast_12723,0,0,0,0,0,0,0,0,0,0,0,0,0,0,,,,
1416686631.27297,pg_toast,pg_toast_2964,0,0,0,0,0,0,0,0,0,0,0,0,0,0,,,,
1416686631.27297,pg_catalog,pg_database,3894,15078,129699,129697,1,0,0,0,1,0,277,133315,1867,207471,,,,
1416686631.27297,information_schema,sql_sizing,0,0,,,0,0,0,0,0,0,0,0,,,0,0,0,0
1416686631.27297,pg_toast,pg_toast_2620,0,0,0,0,0,0,0,0,0,0,0,0,0,0,,,,
1416686631.27297,pg_catalog,pg_depend,0,0,48169,51751,8880,0,8791,0,7106,1286,9228,59846,13124,124184,,,,
1416686631.27297,pg_catalog,pg_language,0,0,0,0,0,0,0,0,0,0,0,0,0,0,,,,
1416686631.27297,pg_catalog,pg_amproc,516,1032,169959,363302,0,0,0,0,0,0,1919,166999,1496,376740,,,,
1416686631.27297,pg_catalog,pg_collation,0,0,0,0,0,0,0,0,0,0,0,0,0,0,,,,
1416686631.27297,pg_toast,pg_toast_12708,0,0,0,0,0,0,0,0,0,0,0,0,0,0,,,,
1416686631.27297,pg_catalog,pg_range,0,0,8900,0,0,0,0,0,0,0,0,0,3275,14525,,,,
1416686631.27297,pg_toast,pg_toast_2609,0,0,0,0,0,0,0,0,0,0,0,0,0,0,,,,
1416686631.27297,pg_catalog,pg_opclass,516,516,231587,2527281,0,0,0,0,0,0,1489,1006038,3337,282249,,,,
1416686631.27297,pg_catalog,pg_rewrite,0,0,9073,7165,636,0,636,0,110,48,4777,7744,2145,13317,2366,2284,1370,10862
1416686631.27297,pg_toast,pg_toast_1255,0,0,0,0,0,0,0,0,0,0,0,0,0,0,,,,
1416686631.27297,pg_catalog,pg_seclabel,0,0,5120,0,0,0,0,0,0,0,0,0,527,4593,0,0,0,0
1416686631.27297,pg_catalog,pg_ts_parser,0,0,0,0,0,0,0,0,0,0,0,0,0,0,,,,
1416686631.27297,public,region,12608,62930,64,64,5,0,0,0,5,0,12,12648,18,72,,,,
1416686631.27297,pg_catalog,pg_trigger,0,0,0,0,0,0,0,0,0,0,0,0,0,0,0,0,0,0
1416686631.27297,pg_catalog,pg_shseclabel,0,0,0,0,0,0,0,0,0,0,0,0,0,0,,,,
1416686631.27297,pg_catalog,pg_event_trigger,0,0,1963,0,0,0,0,0,0,0,0,0,576,1387,,,,
1416686631.27297,public,orders,47,330210000,12238318,192373306,15075000,0,75000,0,15000000,75000,4410208,18096773,237248,37117655,,,,
1416686631.27297,pg_catalog,pg_foreign_table,0,0,0,0,0,0,0,0,0,0,0,0,0,0,,,,
1416686631.27297,pg_catalog,pg_extension,0,0,0,0,0,0,0,0,0,0,0,0,0,0,,,,
1416686631.27297,pg_catalog,pg_ts_config,0,0,0,0,0,0,0,0,0,0,0,0,0,0,,,,
1416686631.27297,pg_catalog,pg_shdescription,0,0,0,0,0,0,0,0,0,0,0,0,0,0,0,0,0,0
1416686631.27297,pg_catalog,pg_cast,0,0,1244022,294924,0,0,0,0,0,0,1494,293430,929,1278709,,,,
1416686631.27297,pg_catalog,pg_amop,0,0,324272,572624,0,0,0,0,0,0,2534,548120,5810,686476,,,,
1416686631.27297,pg_catalog,pg_user_mapping,0,0,0,0,0,0,0,0,0,0,0,0,0,0,,,,
1416686631.27297,pg_catalog,pg_type,0,0,880782,872108,2309,0,2290,0,360,87,5542,876617,8484,1810214,,,,
1416686631.27297,information_schema,sql_parts,0,0,,,0,0,0,0,0,0,0,0,,,0,0,0,0
1416686631.27297,pg_catalog,pg_largeobject,0,0,0,0,0,0,0,0,0,0,0,0,0,0,,,,
1416686631.27297,public,customer,35,22500000,304,62316073,1500000,0,0,0,1500000,0,464747,1979901,24944,890,,,,
1416686631.27297,pg_catalog,pg_ts_config_map,0,0,0,0,0,0,0,0,0,0,0,0,0,0,,,,
1416686631.27297,pg_catalog,pg_largeobject_metadata,0,0,0,0,0,0,0,0,0,0,0,0,0,0,,,,
1416686631.27297,pg_catalog,pg_am,45025,45025,0,0,0,0,0,0,0,0,476,44549,0,0,,,,
1416686631.27297,pg_toast,pg_toast_12718,0,0,0,0,0,0,0,0,0,0,0,0,0,0,,,,
1416686631.27297,pg_catalog,pg_ts_template,0,0,0,0,0,0,0,0,0,0,0,0,0,0,,,,
1416686631.27297,pg_catalog,pg_foreign_server,0,0,0,0,0,0,0,0,0,0,0,0,0,0,,,,
1416686631.27297,pg_catalog,pg_namespace,1624,57118,202121,165336,42,0,0,0,42,0,487,166579,2381,239327,,,,
1416686631.27297,pg_toast,pg_toast_2619,0,0,146930,496983,6206,0,5956,0,260,31,48725,195177,2909,298136,,,,
1416686631.27297,pg_catalog,pg_authid,899,899,73947,73947,0,0,0,0,0,0,414,74432,1953,145941,,,,
1416686631.27297,pg_catalog,pg_default_acl,0,0,4660,0,0,0,0,0,0,0,0,0,527,4133,,,,
1416686631.27297,public,partsupp,39,112000000,56101,224062,8000000,0,0,0,8000000,0,1840517,1739780,58430,132725,,,,
1416686631.27297,public,supplier,22,1200000,6624449,8788456,100000,0,0,0,100000,0,19077,6693118,1679,13285063,,,,
1416686631.27297,pg_catalog,pg_shdepend,0,0,6329,1208,0,0,0,0,0,0,575,633,2259,6392,,,,
1416686631.27297,pg_catalog,pg_constraint,0,0,328,160,168,0,160,0,10,48,93,928,168,1672,0,0,0,0
1416686631.27297,pg_catalog,pg_index,5472,516191,403810,578679,907,0,879,0,144,2,4408,568441,2761,462745,,,,
1416686631.27297,pg_catalog,pg_ts_dict,0,0,0,0,0,0,0,0,0,0,0,0,0,0,,,,
1416686631.27297,pg_toast,pg_toast_2604,0,0,0,0,0,0,0,0,0,0,0,0,0,0,,,,
1416686631.27297,pg_catalog,pg_proc,0,0,325425,482974,0,0,0,0,0,0,31480,319747,13051,708012,0,0,0,0
1416686691.27486,pg_catalog,pg_attrdef,0,0,0,0,0,0,0,0,0,0,0,0,0,0,0,0,0,0
1416686691.27486,pg_catalog,pg_db_role_setting,0,0,159576,0,0,0,0,0,0,0,0,0,404,159172,0,0,0,0
1416686691.27486,pg_toast,pg_toast_12713,0,0,0,0,0,0,0,0,0,0,0,0,0,0,,,,
1416686691.27486,pg_catalog,pg_rowsecurity,0,0,0,0,0,0,0,0,0,0,0,0,0,0,,,,
1416686691.27486,pg_catalog,pg_description,0,0,5124,0,0,0,0,0,0,0,0,0,1638,9766,0,0,0,0
1416686691.27486,pg_catalog,pg_foreign_data_wrapper,0,0,0,0,0,0,0,0,0,0,0,0,0,0,,,,
1416686691.27486,pg_catalog,pg_conversion,0,0,0,0,0,0,0,0,0,0,0,0,0,0,,,,
1416686691.27486,public,nation,92,925,76799,76919,25,0,0,0,25,0,16,76830,35,76839,,,,
1416686691.27486,public,lineitem,63,1860580482,14660720,1223911090,60285860,0,299552,0,59986287,299552,39608579,80179310,2689947,61807139,,,,
1416686691.27486,pg_catalog,pg_class,13666,3077903,919621,842094,2073,637,2035,623,337,90,8395,965399,8137,1924723,,,,
1416686691.27486,information_schema,sql_implementation_info,0,0,,,0,0,0,0,0,0,0,0,,,0,0,0,0
1416686691.27486,pg_catalog,pg_opfamily,0,0,0,0,0,0,0,0,0,0,0,0,0,0,,,,
1416686691.27486,pg_catalog,pg_auth_members,0,0,0,0,0,0,0,0,0,0,0,0,0,0,,,,
1416686691.27486,pg_catalog,pg_operator,0,0,286756,1498348,0,0,0,0,0,0,7260,1037407,6397,621906,,,,
1416686691.27486,information_schema,sql_languages,0,0,,,0,0,0,0,0,0,0,0,,,0,0,0,0
1416686691.27486,pg_toast,pg_toast_12693,0,0,0,0,0,0,0,0,0,0,0,0,0,0,,,,
1416686691.27486,pg_catalog,pg_attribute,2838,19350,749895,1689127,7564,210,7386,181,2514,334,25506,838594,6917,1570412,,,,
1416686691.27486,pg_toast,pg_toast_12698,0,0,0,0,0,0,0,0,0,0,0,0,0,0,,,,
1416686691.27486,pg_catalog,pg_tablespace,2,4,26406,26406,0,0,0,0,0,0,693,25715,1448,51490,,,,
1416686691.27486,pg_catalog,pg_statistic,0,0,204638,196599,1705,4747,1639,4047,467,78,19809,190458,2249,438908,48822,195237,2914,298343
1416686691.27486,pg_toast,pg_toast_12703,0,0,0,0,0,0,0,0,0,0,0,0,0,0,,,,
1416686691.27486,information_schema,sql_packages,0,0,,,0,0,0,0,0,0,0,0,,,0,0,0,0
1416686691.27486,information_schema,sql_sizing_profiles,0,0,,,0,0,0,0,0,0,0,0,,,0,0,0,0
1416686691.27486,pg_catalog,pg_aggregate,0,0,19820,19820,0,0,0,0,0,0,1398,18422,3228,31325,,,,
1416686691.27486,pg_catalog,pg_inherits,0,0,1156,0,0,0,0,0,0,0,0,0,582,574,,,,
1416686691.27486,public,time_statistics,89,4599,,,98,89,0,89,98,12,9,269,,,,,,
1416686691.27486,pg_catalog,pg_enum,0,0,0,0,0,0,0,0,0,0,0,0,0,0,,,,
1416686691.27486,public,part,23,26000000,311,14179375,2000000,0,0,0,2000000,0,655316,546129,60564,848,,,,
1416686691.27486,pg_toast,pg_toast_2396,0,0,0,0,0,0,0,0,0,0,0,0,0,0,,,,
1416686691.27486,pg_catalog,pg_pltemplate,0,0,0,0,0,0,0,0,0,0,0,0,0,0,,,,
1416686691.27486,pg_toast,pg_toast_2618,0,0,3796,12122,0,0,0,0,0,0,2371,2285,687,5437,,,,
1416686691.27486,pg_toast,pg_toast_3596,0,0,0,0,0,0,0,0,0,0,0,0,0,0,,,,
1416686691.27486,information_schema,sql_features,0,0,,,0,0,0,0,0,0,0,0,,,0,0,0,0
1416686691.27486,pg_toast,pg_toast_2606,0,0,0,0,0,0,0,0,0,0,0,0,0,0,,,,
1416686691.27486,pg_toast,pg_toast_12723,0,0,0,0,0,0,0,0,0,0,0,0,0,0,,,,
1416686691.27486,pg_toast,pg_toast_2964,0,0,0,0,0,0,0,0,0,0,0,0,0,0,,,,
1416686691.27486,pg_catalog,pg_database,3897,15090,129812,129810,1,0,0,0,1,0,277,133431,1867,207652,,,,
1416686691.27486,information_schema,sql_sizing,0,0,,,0,0,0,0,0,0,0,0,,,0,0,0,0
1416686691.27486,pg_toast,pg_toast_2620,0,0,0,0,0,0,0,0,0,0,0,0,0,0,,,,
1416686691.27486,pg_catalog,pg_depend,0,0,48213,51803,8889,0,8800,0,7106,1295,9246,59890,13151,124283,,,,
1416686691.27486,pg_catalog,pg_language,0,0,0,0,0,0,0,0,0,0,0,0,0,0,,,,
1416686691.27486,pg_catalog,pg_amproc,516,1032,170094,363631,0,0,0,0,0,0,1928,167120,1498,377041,,,,
1416686691.27486,pg_catalog,pg_collation,0,0,0,0,0,0,0,0,0,0,0,0,0,0,,,,
1416686691.27486,pg_toast,pg_toast_12708,0,0,0,0,0,0,0,0,0,0,0,0,0,0,,,,
1416686691.27486,pg_catalog,pg_range,0,0,8910,0,0,0,0,0,0,0,0,0,3283,14537,,,,
1416686691.27486,pg_toast,pg_toast_2609,0,0,0,0,0,0,0,0,0,0,0,0,0,0,,,,
1416686691.27486,pg_catalog,pg_opclass,516,516,231752,2529071,0,0,0,0,0,0,1489,1006759,3342,282454,,,,
1416686691.27486,pg_catalog,pg_rewrite,0,0,9086,7175,637,0,637,0,110,49,4787,7750,2152,13332,2371,2285,1374,10874
1416686691.27486,pg_toast,pg_toast_1255,0,0,0,0,0,0,0,0,0,0,0,0,0,0,,,,
1416686691.27486,pg_catalog,pg_seclabel,0,0,5124,0,0,0,0,0,0,0,0,0,528,4596,0,0,0,0
1416686691.27486,pg_catalog,pg_ts_parser,0,0,0,0,0,0,0,0,0,0,0,0,0,0,,,,
1416686691.27486,public,region,19145,95610,70,70,5,0,0,0,5,0,14,19188,22,76,,,,
1416686691.27486,pg_catalog,pg_trigger,0,0,0,0,0,0,0,0,0,0,0,0,0,0,0,0,0,0
1416686691.27486,pg_catalog,pg_shseclabel,0,0,0,0,0,0,0,0,0,0,0,0,0,0,,,,
1416686691.27486,pg_catalog,pg_event_trigger,0,0,1964,0,0,0,0,0,0,0,0,0,577,1387,,,,
1416686691.27486,public,orders,50,375210000,15910050,196045038,15075000,0,75000,0,15000000,75000,5207649,21734666,280986,48109127,,,,
1416686691.27486,pg_catalog,pg_foreign_table,0,0,0,0,0,0,0,0,0,0,0,0,0,0,,,,
1416686691.27486,pg_catalog,pg_extension,0,0,0,0,0,0,0,0,0,0,0,0,0,0,,,,
1416686691.27486,pg_catalog,pg_ts_config,0,0,0,0,0,0,0,0,0,0,0,0,0,0,,,,
1416686691.27486,pg_catalog,pg_shdescription,0,0,0,0,0,0,0,0,0,0,0,0,0,0,0,0,0,0
1416686691.27486,pg_catalog,pg_cast,0,0,1244954,295146,0,0,0,0,0,0,1496,293650,929,1279673,,,,
1416686691.27486,pg_catalog,pg_amop,0,0,324488,573019,0,0,0,0,0,0,2535,548498,5817,686936,,,,
1416686691.27486,pg_catalog,pg_user_mapping,0,0,0,0,0,0,0,0,0,0,0,0,0,0,,,,
1416686691.27486,pg_catalog,pg_type,0,0,881524,872841,2311,0,2292,0,360,89,5552,877349,8501,1811728,,,,
1416686691.27486,information_schema,sql_parts,0,0,,,0,0,0,0,0,0,0,0,,,0,0,0,0
1416686691.27486,pg_catalog,pg_largeobject,0,0,0,0,0,0,0,0,0,0,0,0,0,0,,,,
1416686691.27486,public,customer,37,25500000,319,69816083,1500000,0,0,0,1500000,0,500025,2191579,24964,919,,,,
1416686691.27486,pg_catalog,pg_ts_config_map,0,0,0,0,0,0,0,0,0,0,0,0,0,0,,,,
1416686691.27486,pg_catalog,pg_largeobject_metadata,0,0,0,0,0,0,0,0,0,0,0,0,0,0,,,,
1416686691.27486,pg_catalog,pg_am,45067,45067,0,0,0,0,0,0,0,0,476,44591,0,0,,,,
1416686691.27486,pg_toast,pg_toast_12718,0,0,0,0,0,0,0,0,0,0,0,0,0,0,,,,
1416686691.27486,pg_catalog,pg_ts_template,0,0,0,0,0,0,0,0,0,0,0,0,0,0,,,,
1416686691.27486,pg_catalog,pg_foreign_server,0,0,0,0,0,0,0,0,0,0,0,0,0,0,,,,
1416686691.27486,pg_catalog,pg_namespace,1626,57214,202357,165540,42,0,0,0,42,0,487,166785,2385,239594,,,,
1416686691.27486,pg_toast,pg_toast_2619,0,0,147030,497338,6206,0,5956,0,260,31,48822,195237,2914,298343,,,,
1416686691.27486,pg_catalog,pg_authid,900,900,74011,74011,0,0,0,0,0,0,414,74497,1953,146069,,,,
1416686691.27486,pg_catalog,pg_default_acl,0,0,4664,0,0,0,0,0,0,0,0,0,528,4136,,,,
1416686691.27486,public,partsupp,44,152000000,62649,250212,8000000,0,0,0,8000000,0,2477082,1965336,62925,147975,,,,
1416686691.27486,public,supplier,23,1300000,9949750,12849781,100000,0,0,0,100000,0,19078,10036783,1696,19953813,,,,
1416686691.27486,pg_catalog,pg_shdepend,0,0,6334,1209,0,0,0,0,0,0,576,633,2263,6395,,,,
1416686691.27486,pg_catalog,pg_constraint,0,0,328,160,168,0,160,0,10,48,93,928,168,1672,0,0,0,0
1416686691.27486,pg_catalog,pg_index,5477,516906,404083,579062,907,0,879,0,144,2,4412,568832,2764,463062,,,,
1416686691.27486,pg_catalog,pg_ts_dict,0,0,0,0,0,0,0,0,0,0,0,0,0,0,,,,
1416686691.27486,pg_toast,pg_toast_2604,0,0,0,0,0,0,0,0,0,0,0,0,0,0,,,,
1416686691.27486,pg_catalog,pg_proc,0,0,325694,483383,0,0,0,0,0,0,31536,319995,13069,708596,0,0,0,0
1416686751.27648,pg_catalog,pg_attrdef,0,0,0,0,0,0,0,0,0,0,0,0,0,0,0,0,0,0
1416686751.27648,pg_catalog,pg_db_role_setting,0,0,159712,0,0,0,0,0,0,0,0,0,404,159308,0,0,0,0
1416686751.27648,pg_toast,pg_toast_12713,0,0,0,0,0,0,0,0,0,0,0,0,0,0,,,,
1416686751.27648,pg_catalog,pg_rowsecurity,0,0,0,0,0,0,0,0,0,0,0,0,0,0,,,,
1416686751.27648,pg_catalog,pg_description,0,0,5124,0,0,0,0,0,0,0,0,0,1638,9766,0,0,0,0
1416686751.27648,pg_catalog,pg_foreign_data_wrapper,0,0,0,0,0,0,0,0,0,0,0,0,0,0,,,,
1416686751.27648,pg_catalog,pg_conversion,0,0,0,0,0,0,0,0,0,0,0,0,0,0,,,,
1416686751.27648,public,nation,99,1100,102665,102785,25,0,0,0,25,0,18,102701,39,102707,,,,
1416686751.27648,public,lineitem,66,2040539406,15114892,1297522447,60285860,0,299552,0,59986287,299552,43076813,94636312,2794331,63558032,,,,
1416686751.27648,pg_catalog,pg_class,13676,3080953,920433,842852,2073,637,2035,623,337,90,8403,966250,8143,1926411,,,,
1416686751.27648,information_schema,sql_implementation_info,0,0,,,0,0,0,0,0,0,0,0,,,0,0,0,0
1416686751.27648,pg_catalog,pg_opfamily,0,0,0,0,0,0,0,0,0,0,0,0,0,0,,,,
1416686751.27648,pg_catalog,pg_auth_members,0,0,0,0,0,0,0,0,0,0,0,0,0,0,,,,
1416686751.27648,pg_catalog,pg_operator,0,0,286979,1499601,0,0,0,0,0,0,7261,1038256,6399,622394,,,,
1416686751.27648,information_schema,sql_languages,0,0,,,0,0,0,0,0,0,0,0,,,0,0,0,0
1416686751.27648,pg_toast,pg_toast_12693,0,0,0,0,0,0,0,0,0,0,0,0,0,0,,,,
1416686751.27648,pg_catalog,pg_attribute,2838,19350,750512,1690385,7564,210,7386,181,2514,334,25535,839219,6922,1571676,,,,
1416686751.27648,pg_toast,pg_toast_12698,0,0,0,0,0,0,0,0,0,0,0,0,0,0,,,,
1416686751.27648,pg_catalog,pg_tablespace,2,4,26429,26429,0,0,0,0,0,0,693,25738,1448,51536,,,,
1416686751.27648,pg_catalog,pg_statistic,0,0,204815,196770,1705,4747,1639,4047,467,78,19848,190590,2251,439283,48908,195348,2916,298585
1416686751.27648,pg_toast,pg_toast_12703,0,0,0,0,0,0,0,0,0,0,0,0,0,0,,,,
1416686751.27648,information_schema,sql_packages,0,0,,,0,0,0,0,0,0,0,0,,,0,0,0,0
1416686751.27648,information_schema,sql_sizing_profiles,0,0,,,0,0,0,0,0,0,0,0,,,0,0,0,0
1416686751.27648,pg_catalog,pg_aggregate,0,0,19831,19831,0,0,0,0,0,0,1399,18432,3232,31342,,,,
1416686751.27648,pg_catalog,pg_inherits,0,0,1156,0,0,0,0,0,0,0,0,0,582,574,,,,
1416686751.27648,public,time_statistics,98,5517,,,107,98,0,98,107,8,9,296,,,,,,
1416686751.27648,pg_catalog,pg_enum,0,0,0,0,0,0,0,0,0,0,0,0,0,0,,,,
1416686751.27648,public,part,25,30000000,348,16216809,2000000,0,0,0,2000000,0,754614,598823,66311,922,,,,
1416686751.27648,pg_toast,pg_toast_2396,0,0,0,0,0,0,0,0,0,0,0,0,0,0,,,,
1416686751.27648,pg_catalog,pg_pltemplate,0,0,0,0,0,0,0,0,0,0,0,0,0,0,,,,
1416686751.27648,pg_toast,pg_toast_2618,0,0,3801,12138,0,0,0,0,0,0,2376,2286,689,5443,,,,
1416686751.27648,pg_toast,pg_toast_3596,0,0,0,0,0,0,0,0,0,0,0,0,0,0,,,,
1416686751.27648,information_schema,sql_features,0,0,,,0,0,0,0,0,0,0,0,,,0,0,0,0
1416686751.27648,pg_toast,pg_toast_2606,0,0,0,0,0,0,0,0,0,0,0,0,0,0,,,,
1416686751.27648,pg_toast,pg_toast_12723,0,0,0,0,0,0,0,0,0,0,0,0,0,0,,,,
1416686751.27648,pg_toast,pg_toast_2964,0,0,0,0,0,0,0,0,0,0,0,0,0,0,,,,
1416686751.27648,pg_catalog,pg_database,3900,15102,129925,129923,1,0,0,0,1,0,277,133547,1867,207833,,,,
1416686751.27648,information_schema,sql_sizing,0,0,,,0,0,0,0,0,0,0,0,,,0,0,0,0
1416686751.27648,pg_toast,pg_toast_2620,0,0,0,0,0,0,0,0,0,0,0,0,0,0,,,,
1416686751.27648,pg_catalog,pg_depend,0,0,48213,51803,8889,0,8800,0,7106,1295,9246,59890,13151,124283,,,,
1416686751.27648,pg_catalog,pg_language,0,0,0,0,0,0,0,0,0,0,0,0,0,0,,,,
1416686751.27648,pg_catalog,pg_amproc,516,1032,170236,364002,0,0,0,0,0,0,1930,167258,1498,377358,,,,
1416686751.27648,pg_catalog,pg_collation,0,0,0,0,0,0,0,0,0,0,0,0,0,0,,,,
1416686751.27648,pg_toast,pg_toast_12708,0,0,0,0,0,0,0,0,0,0,0,0,0,0,,,,
1416686751.27648,pg_catalog,pg_range,0,0,8920,0,0,0,0,0,0,0,0,0,3287,14553,,,,
1416686751.27648,pg_toast,pg_toast_2609,0,0,0,0,0,0,0,0,0,0,0,0,0,0,,,,
1416686751.27648,pg_catalog,pg_opclass,516,516,231950,2531342,0,0,0,0,0,0,1489,1007665,3345,282693,,,,
1416686751.27648,pg_catalog,pg_rewrite,0,0,9093,7182,637,0,637,0,110,49,4792,7752,2154,13342,2376,2286,1378,10886
1416686751.27648,pg_toast,pg_toast_1255,0,0,0,0,0,0,0,0,0,0,0,0,0,0,,,,
1416686751.27648,pg_catalog,pg_seclabel,0,0,5124,0,0,0,0,0,0,0,0,0,528,4596,0,0,0,0
1416686751.27648,pg_catalog,pg_ts_parser,0,0,0,0,0,0,0,0,0,0,0,0,0,0,,,,
1416686751.27648,public,region,25609,127925,76,76,5,0,0,0,5,0,15,25656,24,82,,,,
1416686751.27648,pg_catalog,pg_trigger,0,0,0,0,0,0,0,0,0,0,0,0,0,0,0,0,0,0
1416686751.27648,pg_catalog,pg_shseclabel,0,0,0,0,0,0,0,0,0,0,0,0,0,0,,,,
1416686751.27648,pg_catalog,pg_event_trigger,0,0,1964,0,0,0,0,0,0,0,0,0,577,1387,,,,
1416686751.27648,public,orders,51,390210000,19582480,244717465,15075000,0,75000,0,15000000,75000,5761996,25870882,281588,59145934,,,,
1416686751.27648,pg_catalog,pg_foreign_table,0,0,0,0,0,0,0,0,0,0,0,0,0,0,,,,
1416686751.27648,pg_catalog,pg_extension,0,0,0,0,0,0,0,0,0,0,0,0,0,0,,,,
1416686751.27648,pg_catalog,pg_ts_config,0,0,0,0,0,0,0,0,0,0,0,0,0,0,,,,
1416686751.27648,pg_catalog,pg_shdescription,0,0,0,0,0,0,0,0,0,0,0,0,0,0,0,0,0,0
1416686751.27648,pg_catalog,pg_cast,0,0,1246088,295401,0,0,0,0,0,0,1496,293905,929,1280839,,,,
1416686751.27648,pg_catalog,pg_amop,0,0,324752,573498,0,0,0,0,0,0,2535,548956,5821,687495,,,,
1416686751.27648,pg_catalog,pg_user_mapping,0,0,0,0,0,0,0,0,0,0,0,0,0,0,,,,
1416686751.27648,pg_catalog,pg_type,0,0,882316,873631,2311,0,2292,0,360,89,5553,878138,8510,1813342,,,,
1416686751.27648,information_schema,sql_parts,0,0,,,0,0,0,0,0,0,0,0,,,0,0,0,0
1416686751.27648,pg_catalog,pg_largeobject,0,0,0,0,0,0,0,0,0,0,0,0,0,0,,,,
1416686751.27648,public,customer,41,31500000,342,77316101,1500000,0,0,0,1500000,0,570579,2438545,24980,984,,,,
1416686751.27648,pg_catalog,pg_ts_config_map,0,0,0,0,0,0,0,0,0,0,0,0,0,0,,,,
1416686751.27648,pg_catalog,pg_largeobject_metadata,0,0,0,0,0,0,0,0,0,0,0,0,0,0,,,,
1416686751.27648,pg_catalog,pg_am,45109,45109,0,0,0,0,0,0,0,0,476,44633,0,0,,,,
1416686751.27648,pg_toast,pg_toast_12718,0,0,0,0,0,0,0,0,0,0,0,0,0,0,,,,
1416686751.27648,pg_catalog,pg_ts_template,0,0,0,0,0,0,0,0,0,0,0,0,0,0,,,,
1416686751.27648,pg_catalog,pg_foreign_server,0,0,0,0,0,0,0,0,0,0,0,0,0,0,,,,
1416686751.27648,pg_catalog,pg_namespace,1628,57310,202593,165744,42,0,0,0,42,0,487,166991,2387,239862,,,,
1416686751.27648,pg_toast,pg_toast_2619,0,0,147146,497793,6206,0,5956,0,260,31,48908,195348,2916,298585,,,,
1416686751.27648,pg_catalog,pg_authid,901,901,74075,74075,0,0,0,0,0,0,414,74562,1953,146197,,,,
1416686751.27648,pg_catalog,pg_default_acl,0,0,4664,0,0,0,0,0,0,0,0,0,528,4136,,,,
1416686751.27648,public,partsupp,46,168000000,69122,276068,8000000,0,0,0,8000000,0,2771382,2020178,67360,163068,,,,
1416686751.27648,public,supplier,23,1300000,13269224,16669250,100000,0,0,0,100000,0,19078,13367147,1703,26610259,,,,
1416686751.27648,pg_catalog,pg_shdepend,0,0,6334,1209,0,0,0,0,0,0,576,633,2263,6395,,,,
1416686751.27648,pg_catalog,pg_constraint,0,0,328,160,168,0,160,0,10,48,93,928,168,1672,0,0,0,0
1416686751.27648,pg_catalog,pg_index,5482,517621,404362,579463,907,0,879,0,144,2,4414,569248,2766,463386,,,,
1416686751.27648,pg_catalog,pg_ts_dict,0,0,0,0,0,0,0,0,0,0,0,0,0,0,,,,
1416686751.27648,pg_toast,pg_toast_2604,0,0,0,0,0,0,0,0,0,0,0,0,0,0,,,,
1416686751.27648,pg_catalog,pg_proc,0,0,325979,483787,0,0,0,0,0,0,31578,320260,13080,709219,0,0,0,0
1416686811.27823,pg_catalog,pg_attrdef,0,0,0,0,0,0,0,0,0,0,0,0,0,0,0,0,0,0
1416686811.27823,pg_catalog,pg_db_role_setting,0,0,159812,0,0,0,0,0,0,0,0,0,404,159408,0,0,0,0
1416686811.27823,pg_toast,pg_toast_12713,0,0,0,0,0,0,0,0,0,0,0,0,0,0,,,,
1416686811.27823,pg_catalog,pg_rowsecurity,0,0,0,0,0,0,0,0,0,0,0,0,0,0,,,,
1416686811.27823,pg_catalog,pg_description,0,0,5128,0,0,0,0,0,0,0,0,0,1641,9772,0,0,0,0
1416686811.27823,pg_catalog,pg_foreign_data_wrapper,0,0,0,0,0,0,0,0,0,0,0,0,0,0,,,,
1416686811.27823,pg_catalog,pg_conversion,0,0,0,0,0,0,0,0,0,0,0,0,0,0,,,,
1416686811.27823,public,nation,103,1200,127859,127979,25,0,0,0,25,0,19,127898,43,127900,,,,
1416686811.27823,public,lineitem,72,2400457254,15202304,1300145367,60285860,0,299552,0,59986287,299552,45998491,100764737,2813960,63895695,,,,
1416686811.27823,pg_catalog,pg_class,13686,3084003,921086,843469,2074,638,2036,624,337,92,8410,966969,8150,1927769,,,,
1416686811.27823,information_schema,sql_implementation_info,0,0,,,0,0,0,0,0,0,0,0,,,0,0,0,0
1416686811.27823,pg_catalog,pg_opfamily,0,0,0,0,0,0,0,0,0,0,0,0,0,0,,,,
1416686811.27823,pg_catalog,pg_auth_members,0,0,0,0,0,0,0,0,0,0,0,0,0,0,,,,
1416686811.27823,pg_catalog,pg_operator,0,0,287113,1500355,0,0,0,0,0,0,7262,1038780,6404,622693,,,,
1416686811.27823,information_schema,sql_languages,0,0,,,0,0,0,0,0,0,0,0,,,0,0,0,0
1416686811.27823,pg_toast,pg_toast_12693,0,0,0,0,0,0,0,0,0,0,0,0,0,0,,,,
1416686811.27823,pg_catalog,pg_attribute,2838,19350,750982,1691325,7566,210,7388,181,2514,336,25569,839692,6929,1572644,,,,
1416686811.27823,pg_toast,pg_toast_12698,0,0,0,0,0,0,0,0,0,0,0,0,0,0,,,,
1416686811.27823,pg_catalog,pg_tablespace,2,4,26446,26446,0,0,0,0,0,0,694,25754,1450,51568,,,,
1416686811.27823,pg_catalog,pg_statistic,0,0,204926,196874,1705,4750,1639,4050,467,78,19872,190673,2253,439521,48970,195404,2917,298731
1416686811.27823,pg_toast,pg_toast_12703,0,0,0,0,0,0,0,0,0,0,0,0,0,0,,,,
1416686811.27823,information_schema,sql_packages,0,0,,,0,0,0,0,0,0,0,0,,,0,0,0,0
1416686811.27823,information_schema,sql_sizing_profiles,0,0,,,0,0,0,0,0,0,0,0,,,0,0,0,0
1416686811.27823,pg_catalog,pg_aggregate,0,0,19839,19839,0,0,0,0,0,0,1401,18438,3238,31351,,,,
1416686811.27823,pg_catalog,pg_inherits,0,0,1157,0,0,0,0,0,0,0,0,0,583,574,,,,
1416686811.27823,public,time_statistics,104,6174,,,113,104,0,103,113,8,13,315,,,,,,
1416686811.27823,pg_catalog,pg_enum,0,0,0,0,0,0,0,0,0,0,0,0,0,0,,,,
1416686811.27823,public,part,25,30000000,356,18238666,2000000,0,0,0,2000000,0,812069,599580,71937,933,,,,
1416686811.27823,pg_toast,pg_toast_2396,0,0,0,0,0,0,0,0,0,0,0,0,0,0,,,,
1416686811.27823,pg_catalog,pg_pltemplate,0,0,0,0,0,0,0,0,0,0,0,0,0,0,,,,
1416686811.27823,pg_toast,pg_toast_2618,0,0,3806,12154,0,0,0,0,0,0,2381,2287,691,5449,,,,
1416686811.27823,pg_toast,pg_toast_3596,0,0,0,0,0,0,0,0,0,0,0,0,0,0,,,,
1416686811.27823,information_schema,sql_features,0,0,,,0,0,0,0,0,0,0,0,,,0,0,0,0
1416686811.27823,pg_toast,pg_toast_2606,0,0,0,0,0,0,0,0,0,0,0,0,0,0,,,,
1416686811.27823,pg_toast,pg_toast_12723,0,0,0,0,0,0,0,0,0,0,0,0,0,0,,,,
1416686811.27823,pg_toast,pg_toast_2964,0,0,0,0,0,0,0,0,0,0,0,0,0,0,,,,
1416686811.27823,pg_catalog,pg_database,3903,15114,130011,130009,1,0,0,0,1,0,277,133636,1867,207969,,,,
1416686811.27823,information_schema,sql_sizing,0,0,,,0,0,0,0,0,0,0,0,,,0,0,0,0
1416686811.27823,pg_toast,pg_toast_2620,0,0,0,0,0,0,0,0,0,0,0,0,0,0,,,,
1416686811.27823,pg_catalog,pg_depend,0,0,48257,51855,8898,0,8809,0,7106,1304,9264,59934,13178,124382,,,,
1416686811.27823,pg_catalog,pg_language,0,0,0,0,0,0,0,0,0,0,0,0,0,0,,,,
1416686811.27823,pg_catalog,pg_amproc,516,1032,170338,364243,0,0,0,0,0,0,1935,167353,1498,377586,,,,
1416686811.27823,pg_catalog,pg_collation,0,0,0,0,0,0,0,0,0,0,0,0,0,0,,,,
1416686811.27823,pg_toast,pg_toast_12708,0,0,0,0,0,0,0,0,0,0,0,0,0,0,,,,
1416686811.27823,pg_catalog,pg_range,0,0,8926,0,0,0,0,0,0,0,0,0,3293,14559,,,,
1416686811.27823,pg_toast,pg_toast_2609,0,0,0,0,0,0,0,0,0,0,0,0,0,0,,,,
1416686811.27823,pg_catalog,pg_opclass,516,516,232083,2532943,0,0,0,0,0,0,1489,1008294,3347,282858,,,,
1416686811.27823,pg_catalog,pg_rewrite,0,0,9106,7192,638,0,638,0,110,50,4803,7759,2160,13358,2381,2287,1382,10898
1416686811.27823,pg_toast,pg_toast_1255,0,0,0,0,0,0,0,0,0,0,0,0,0,0,,,,
1416686811.27823,pg_catalog,pg_seclabel,0,0,5128,0,0,0,0,0,0,0,0,0,529,4599,0,0,0,0
1416686811.27823,pg_catalog,pg_ts_parser,0,0,0,0,0,0,0,0,0,0,0,0,0,0,,,,
1416686811.27823,public,region,31906,159405,80,80,5,0,0,0,5,0,16,31955,26,85,,,,
1416686811.27823,pg_catalog,pg_trigger,0,0,0,0,0,0,0,0,0,0,0,0,0,0,0,0,0,0
1416686811.27823,pg_catalog,pg_shseclabel,0,0,0,0,0,0,0,0,0,0,0,0,0,0,,,,
1416686811.27823,pg_catalog,pg_event_trigger,0,0,1965,0,0,0,0,0,0,0,0,0,578,1387,,,,
1416686811.27823,public,orders,53,420210000,19582488,244717473,15075000,0,75000,0,15000000,75000,5901024,26240930,281589,59145959,,,,
1416686811.27823,pg_catalog,pg_foreign_table,0,0,0,0,0,0,0,0,0,0,0,0,0,0,,,,
1416686811.27823,pg_catalog,pg_extension,0,0,0,0,0,0,0,0,0,0,0,0,0,0,,,,
1416686811.27823,pg_catalog,pg_ts_config,0,0,0,0,0,0,0,0,0,0,0,0,0,0,,,,
1416686811.27823,pg_catalog,pg_shdescription,0,0,0,0,0,0,0,0,0,0,0,0,0,0,0,0,0,0
1416686811.27823,pg_catalog,pg_cast,0,0,1246923,295588,0,0,0,0,0,0,1498,294090,929,1281698,,,,
1416686811.27823,pg_catalog,pg_amop,0,0,324929,573809,0,0,0,0,0,0,2535,549252,5824,687874,,,,
1416686811.27823,pg_catalog,pg_user_mapping,0,0,0,0,0,0,0,0,0,0,0,0,0,0,,,,
1416686811.27823,pg_catalog,pg_type,0,0,882890,874200,2313,0,2294,0,360,91,5560,878709,8518,1814516,,,,
1416686811.27823,information_schema,sql_parts,0,0,,,0,0,0,0,0,0,0,0,,,0,0,0,0
1416686811.27823,pg_catalog,pg_largeobject,0,0,0,0,0,0,0,0,0,0,0,0,0,0,,,,
1416686811.27823,public,customer,43,34500000,350,77316109,1500000,0,0,0,1500000,0,605855,2473833,24984,1012,,,,
1416686811.27823,pg_catalog,pg_ts_config_map,0,0,0,0,0,0,0,0,0,0,0,0,0,0,,,,
1416686811.27823,pg_catalog,pg_largeobject_metadata,0,0,0,0,0,0,0,0,0,0,0,0,0,0,,,,
1416686811.27823,pg_catalog,pg_am,45139,45139,0,0,0,0,0,0,0,0,476,44663,0,0,,,,
1416686811.27823,pg_toast,pg_toast_12718,0,0,0,0,0,0,0,0,0,0,0,0,0,0,,,,
1416686811.27823,pg_catalog,pg_ts_template,0,0,0,0,0,0,0,0,0,0,0,0,0,0,,,,
1416686811.27823,pg_catalog,pg_foreign_server,0,0,0,0,0,0,0,0,0,0,0,0,0,0,,,,
1416686811.27823,pg_catalog,pg_namespace,1630,57406,202803,165931,42,0,0,0,42,0,487,167180,2391,240095,,,,
1416686811.27823,pg_toast,pg_toast_2619,0,0,147215,498055,6206,0,5956,0,260,31,48970,195404,2917,298731,,,,
1416686811.27823,pg_catalog,pg_authid,902,902,74122,74122,0,0,0,0,0,0,414,74610,1953,146291,,,,
1416686811.27823,pg_catalog,pg_default_acl,0,0,4668,0,0,0,0,0,0,0,0,0,529,4139,,,,
1416686811.27823,public,partsupp,49,192000000,97274,388658,8000000,0,0,0,8000000,0,3094046,2241797,85465,229867,,,,
1416686811.27823,public,supplier,23,1300000,13294431,17548345,100000,0,0,0,100000,0,19078,13411100,1715,26660966,,,,
1416686811.27823,pg_catalog,pg_shdepend,0,0,6339,1210,0,0,0,0,0,0,577,633,2267,6398,,,,
1416686811.27823,pg_catalog,pg_constraint,0,0,328,160,168,0,160,0,10,48,93,928,168,1672,0,0,0,0
1416686811.27823,pg_catalog,pg_index,5487,518336,404560,579738,907,0,879,0,144,2,4414,569535,2767,463619,,,,
1416686811.27823,pg_catalog,pg_ts_dict,0,0,0,0,0,0,0,0,0,0,0,0,0,0,,,,
1416686811.27823,pg_toast,pg_toast_2604,0,0,0,0,0,0,0,0,0,0,0,0,0,0,,,,
1416686811.27823,pg_catalog,pg_proc,0,0,326178,484096,0,0,0,0,0,0,31615,320448,13091,709652,0,0,0,0
1416686871.27985,pg_catalog,pg_attrdef,0,0,0,0,0,0,0,0,0,0,0,0,0,0,0,0,0,0
1416686871.27985,pg_catalog,pg_db_role_setting,0,0,159924,0,0,0,0,0,0,0,0,0,404,159520,0,0,0,0
1416686871.27985,pg_toast,pg_toast_12713,0,0,0,0,0,0,0,0,0,0,0,0,0,0,,,,
1416686871.27985,pg_catalog,pg_rowsecurity,0,0,0,0,0,0,0,0,0,0,0,0,0,0,,,,
1416686871.27985,pg_catalog,pg_description,0,0,5128,0,0,0,0,0,0,0,0,0,1641,9772,0,0,0,0
1416686871.27985,pg_catalog,pg_foreign_data_wrapper,0,0,0,0,0,0,0,0,0,0,0,0,0,0,,,,
1416686871.27985,pg_catalog,pg_conversion,0,0,0,0,0,0,0,0,0,0,0,0,0,0,,,,
1416686871.27985,public,nation,105,1250,127863,127983,25,0,0,0,25,0,19,127904,45,127904,,,,
1416686871.27985,public,lineitem,75,2580416178,17629563,1316299571,60285860,0,299552,0,59986287,299552,48811033,116357431,3212587,73251858,,,,
1416686871.27985,pg_catalog,pg_class,13696,3087053,921725,844076,2074,638,2036,624,337,92,8414,967673,8154,1929101,,,,
1416686871.27985,information_schema,sql_implementation_info,0,0,,,0,0,0,0,0,0,0,0,,,0,0,0,0
1416686871.27985,pg_catalog,pg_opfamily,0,0,0,0,0,0,0,0,0,0,0,0,0,0,,,,
1416686871.27985,pg_catalog,pg_auth_members,0,0,0,0,0,0,0,0,0,0,0,0,0,0,,,,
1416686871.27985,pg_catalog,pg_operator,0,0,287260,1501342,0,0,0,0,0,0,7268,1039442,6405,623023,,,,
1416686871.27985,information_schema,sql_languages,0,0,,,0,0,0,0,0,0,0,0,,,0,0,0,0
1416686871.27985,pg_toast,pg_toast_12693,0,0,0,0,0,0,0,0,0,0,0,0,0,0,,,,
1416686871.27985,pg_catalog,pg_attribute,2838,19350,751437,1692247,7566,210,7388,181,2514,336,25593,840153,6933,1573579,,,,
1416686871.27985,pg_toast,pg_toast_12698,0,0,0,0,0,0,0,0,0,0,0,0,0,0,,,,
1416686871.27985,pg_catalog,pg_tablespace,2,4,26465,26465,0,0,0,0,0,0,694,25773,1450,51606,,,,
1416686871.27985,pg_catalog,pg_statistic,0,0,205032,196974,1705,4750,1639,4050,467,75,19894,190751,2255,439750,49006,195445,2918,298848
1416686871.27985,pg_toast,pg_toast_12703,0,0,0,0,0,0,0,0,0,0,0,0,0,0,,,,
1416686871.27985,information_schema,sql_packages,0,0,,,0,0,0,0,0,0,0,0,,,0,0,0,0
1416686871.27985,information_schema,sql_sizing_profiles,0,0,,,0,0,0,0,0,0,0,0,,,0,0,0,0
1416686871.27985,pg_catalog,pg_aggregate,0,0,19855,19855,0,0,0,0,0,0,1403,18452,3242,31371,,,,
1416686871.27985,pg_catalog,pg_inherits,0,0,1157,0,0,0,0,0,0,0,0,0,583,574,,,,
1416686871.27985,public,time_statistics,111,6986,,,120,111,0,108,120,8,16,351,,,,,,
1416686871.27985,pg_catalog,pg_enum,0,0,0,0,0,0,0,0,0,0,0,0,0,0,,,,
1416686871.27985,public,part,26,32000000,381,18262713,2000000,0,0,0,2000000,0,852522,617832,72118,979,,,,
1416686871.27985,pg_toast,pg_toast_2396,0,0,0,0,0,0,0,0,0,0,0,0,0,0,,,,
1416686871.27985,pg_catalog,pg_pltemplate,0,0,0,0,0,0,0,0,0,0,0,0,0,0,,,,
1416686871.27985,pg_toast,pg_toast_2618,0,0,3811,12170,0,0,0,0,0,0,2386,2288,693,5455,,,,
1416686871.27985,pg_toast,pg_toast_3596,0,0,0,0,0,0,0,0,0,0,0,0,0,0,,,,
1416686871.27985,information_schema,sql_features,0,0,,,0,0,0,0,0,0,0,0,,,0,0,0,0
1416686871.27985,pg_toast,pg_toast_2606,0,0,0,0,0,0,0,0,0,0,0,0,0,0,,,,
1416686871.27985,pg_toast,pg_toast_12723,0,0,0,0,0,0,0,0,0,0,0,0,0,0,,,,
1416686871.27985,pg_toast,pg_toast_2964,0,0,0,0,0,0,0,0,0,0,0,0,0,0,,,,
1416686871.27985,pg_catalog,pg_database,3906,15126,130106,130104,1,0,0,0,1,0,277,133734,1867,208120,,,,
1416686871.27985,information_schema,sql_sizing,0,0,,,0,0,0,0,0,0,0,0,,,0,0,0,0
1416686871.27985,pg_toast,pg_toast_2620,0,0,0,0,0,0,0,0,0,0,0,0,0,0,,,,
1416686871.27985,pg_catalog,pg_depend,0,0,48257,51855,8898,0,8809,0,7106,1304,9264,59934,13178,124382,,,,
1416686871.27985,pg_catalog,pg_language,0,0,0,0,0,0,0,0,0,0,0,0,0,0,,,,
1416686871.27985,pg_catalog,pg_amproc,516,1032,170443,364531,0,0,0,0,0,0,1939,167449,1499,377822,,,,
1416686871.27985,pg_catalog,pg_collation,0,0,0,0,0,0,0,0,0,0,0,0,0,0,,,,
1416686871.27985,pg_toast,pg_toast_12708,0,0,0,0,0,0,0,0,0,0,0,0,0,0,,,,
1416686871.27985,pg_catalog,pg_range,0,0,8933,0,0,0,0,0,0,0,0,0,3295,14571,,,,
1416686871.27985,pg_toast,pg_toast_2609,0,0,0,0,0,0,0,0,0,0,0,0,0,0,,,,
1416686871.27985,pg_catalog,pg_opclass,516,516,232196,2533914,0,0,0,0,0,0,1489,1008695,3348,283007,,,,
1416686871.27985,pg_catalog,pg_rewrite,0,0,9113,7199,638,0,638,0,110,50,4808,7761,2162,13368,2386,2288,1386,10910
1416686871.27985,pg_toast,pg_toast_1255,0,0,0,0,0,0,0,0,0,0,0,0,0,0,,,,
1416686871.27985,pg_catalog,pg_seclabel,0,0,5128,0,0,0,0,0,0,0,0,0,529,4599,0,0,0,0
1416686871.27985,pg_catalog,pg_ts_parser,0,0,0,0,0,0,0,0,0,0,0,0,0,0,,,,
1416686871.27985,public,region,31906,159405,80,80,5,0,0,0,5,0,16,31955,26,85,,,,
1416686871.27985,pg_catalog,pg_trigger,0,0,0,0,0,0,0,0,0,0,0,0,0,0,0,0,0,0
1416686871.27985,pg_catalog,pg_shseclabel,0,0,0,0,0,0,0,0,0,0,0,0,0,0,,,,
1416686871.27985,pg_catalog,pg_event_trigger,0,0,1965,0,0,0,0,0,0,0,0,0,578,1387,,,,
1416686871.27985,public,orders,54,435210000,24352931,264487915,15075000,0,75000,0,15000000,75000,6402414,31019050,282137,73482588,,,,
1416686871.27985,pg_catalog,pg_foreign_table,0,0,0,0,0,0,0,0,0,0,0,0,0,0,,,,
1416686871.27985,pg_catalog,pg_extension,0,0,0,0,0,0,0,0,0,0,0,0,0,0,,,,
1416686871.27985,pg_catalog,pg_ts_config,0,0,0,0,0,0,0,0,0,0,0,0,0,0,,,,
1416686871.27985,pg_catalog,pg_shdescription,0,0,0,0,0,0,0,0,0,0,0,0,0,0,0,0,0,0
1416686871.27985,pg_catalog,pg_cast,0,0,1247601,295737,0,0,0,0,0,0,1499,294238,929,1282402,,,,
1416686871.27985,pg_catalog,pg_amop,0,0,325079,574085,0,0,0,0,0,0,2535,549517,5826,688201,,,,
1416686871.27985,pg_catalog,pg_user_mapping,0,0,0,0,0,0,0,0,0,0,0,0,0,0,,,,
1416686871.27985,pg_catalog,pg_type,0,0,883518,874828,2313,0,2294,0,360,91,5561,879336,8518,1815802,,,,
1416686871.27985,information_schema,sql_parts,0,0,,,0,0,0,0,0,0,0,0,,,0,0,0,0
1416686871.27985,pg_catalog,pg_largeobject,0,0,0,0,0,0,0,0,0,0,0,0,0,0,,,,
1416686871.27985,public,customer,43,34500000,366,77889507,1500000,0,0,0,1500000,0,641133,2509025,26589,1029,,,,
1416686871.27985,pg_catalog,pg_ts_config_map,0,0,0,0,0,0,0,0,0,0,0,0,0,0,,,,
1416686871.27985,pg_catalog,pg_largeobject_metadata,0,0,0,0,0,0,0,0,0,0,0,0,0,0,,,,
1416686871.27985,pg_catalog,pg_am,45173,45173,0,0,0,0,0,0,0,0,476,44697,0,0,,,,
1416686871.27985,pg_toast,pg_toast_12718,0,0,0,0,0,0,0,0,0,0,0,0,0,0,,,,
1416686871.27985,pg_catalog,pg_ts_template,0,0,0,0,0,0,0,0,0,0,0,0,0,0,,,,
1416686871.27985,pg_catalog,pg_foreign_server,0,0,0,0,0,0,0,0,0,0,0,0,0,0,,,,
1416686871.27985,pg_catalog,pg_namespace,1632,57502,203021,166123,42,0,0,0,42,0,487,167374,2393,240339,,,,
1416686871.27985,pg_toast,pg_toast_2619,0,0,147269,498221,6206,0,5956,0,260,31,49006,195445,2918,298848,,,,
1416686871.27985,pg_catalog,pg_authid,903,903,74174,74174,0,0,0,0,0,0,414,74663,1953,146395,,,,
1416686871.27985,pg_catalog,pg_default_acl,0,0,4668,0,0,0,0,0,0,0,0,0,529,4139,,,,
1416686871.27985,public,partsupp,50,200000000,97282,388666,8000000,0,0,0,8000000,0,3221763,2285046,85471,229886,,,,
1416686871.27985,public,supplier,23,1300000,16551934,20905847,100000,0,0,0,100000,0,19078,16670781,1717,33193767,,,,
1416686871.27985,pg_catalog,pg_shdepend,0,0,6339,1210,0,0,0,0,0,0,577,633,2267,6398,,,,
1416686871.27985,pg_catalog,pg_constraint,0,0,328,160,168,0,160,0,10,48,93,928,168,1672,0,0,0,0
1416686871.27985,pg_catalog,pg_index,5492,519051,404749,580007,907,0,879,0,144,2,4415,569820,2768,463846,,,,
1416686871.27985,pg_catalog,pg_ts_dict,0,0,0,0,0,0,0,0,0,0,0,0,0,0,,,,
1416686871.27985,pg_toast,pg_toast_2604,0,0,0,0,0,0,0,0,0,0,0,0,0,0,,,,
1416686871.27985,pg_catalog,pg_proc,0,0,326415,484436,0,0,0,0,0,0,31649,320672,13103,710166,0,0,0,0
1416686931.28188,pg_catalog,pg_attrdef,0,0,0,0,0,0,0,0,0,0,0,0,0,0,0,0,0,0
1416686931.28188,pg_catalog,pg_db_role_setting,0,0,160072,0,0,0,0,0,0,0,0,0,404,159668,0,0,0,0
1416686931.28188,pg_toast,pg_toast_12713,0,0,0,0,0,0,0,0,0,0,0,0,0,0,,,,
1416686931.28188,pg_catalog,pg_rowsecurity,0,0,0,0,0,0,0,0,0,0,0,0,0,0,,,,
1416686931.28188,pg_catalog,pg_description,0,0,5128,0,0,0,0,0,0,0,0,0,1641,9772,0,0,0,0
1416686931.28188,pg_catalog,pg_foreign_data_wrapper,0,0,0,0,0,0,0,0,0,0,0,0,0,0,,,,
1416686931.28188,pg_catalog,pg_conversion,0,0,0,0,0,0,0,0,0,0,0,0,0,0,,,,
1416686931.28188,public,nation,110,1375,127877,127997,25,0,0,0,25,0,20,127922,50,127916,,,,
1416686931.28188,public,lineitem,77,2700388794,18916969,1383709931,60285860,0,299552,0,59986287,299552,51247293,121027447,3396258,78241644,,,,
1416686931.28188,pg_catalog,pg_class,13706,3090103,922484,844787,2074,638,2036,624,337,92,8417,968482,8157,1930692,,,,
1416686931.28188,information_schema,sql_implementation_info,0,0,,,0,0,0,0,0,0,0,0,,,0,0,0,0
1416686931.28188,pg_catalog,pg_opfamily,0,0,0,0,0,0,0,0,0,0,0,0,0,0,,,,
1416686931.28188,pg_catalog,pg_auth_members,0,0,0,0,0,0,0,0,0,0,0,0,0,0,,,,
1416686931.28188,pg_catalog,pg_operator,0,0,287466,1502488,0,0,0,0,0,0,7268,1040226,6408,623482,,,,
1416686931.28188,information_schema,sql_languages,0,0,,,0,0,0,0,0,0,0,0,,,0,0,0,0
1416686931.28188,pg_toast,pg_toast_12693,0,0,0,0,0,0,0,0,0,0,0,0,0,0,,,,
1416686931.28188,pg_catalog,pg_attribute,2838,19350,751983,1693374,7566,210,7388,181,2514,336,25612,840721,6936,1574706,,,,
1416686931.28188,pg_toast,pg_toast_12698,0,0,0,0,0,0,0,0,0,0,0,0,0,0,,,,
1416686931.28188,pg_catalog,pg_tablespace,2,4,26490,26490,0,0,0,0,0,0,694,25798,1450,51656,,,,
1416686931.28188,pg_catalog,pg_statistic,0,0,205164,197100,1705,4750,1639,4050,467,75,19914,190857,2257,440037,49057,195521,2918,299025
1416686931.28188,pg_toast,pg_toast_12703,0,0,0,0,0,0,0,0,0,0,0,0,0,0,,,,
1416686931.28188,information_schema,sql_packages,0,0,,,0,0,0,0,0,0,0,0,,,0,0,0,0
1416686931.28188,information_schema,sql_sizing_profiles,0,0,,,0,0,0,0,0,0,0,0,,,0,0,0,0
1416686931.28188,pg_catalog,pg_aggregate,0,0,19873,19873,0,0,0,0,0,0,1403,18470,3242,31400,,,,
1416686931.28188,pg_catalog,pg_inherits,0,0,1157,0,0,0,0,0,0,0,0,0,583,574,,,,
1416686931.28188,public,time_statistics,121,8231,,,130,121,0,118,130,17,17,400,,,,,,
1416686931.28188,pg_catalog,pg_enum,0,0,0,0,0,0,0,0,0,0,0,0,0,0,,,,
1416686931.28188,public,part,26,32000000,394,20284540,2000000,0,0,0,2000000,0,893044,634858,72286,999,,,,
1416686931.28188,pg_toast,pg_toast_2396,0,0,0,0,0,0,0,0,0,0,0,0,0,0,,,,
1416686931.28188,pg_catalog,pg_pltemplate,0,0,0,0,0,0,0,0,0,0,0,0,0,0,,,,
1416686931.28188,pg_toast,pg_toast_2618,0,0,3816,12186,0,0,0,0,0,0,2391,2289,695,5461,,,,
1416686931.28188,pg_toast,pg_toast_3596,0,0,0,0,0,0,0,0,0,0,0,0,0,0,,,,
1416686931.28188,information_schema,sql_features,0,0,,,0,0,0,0,0,0,0,0,,,0,0,0,0
1416686931.28188,pg_toast,pg_toast_2606,0,0,0,0,0,0,0,0,0,0,0,0,0,0,,,,
1416686931.28188,pg_toast,pg_toast_12723,0,0,0,0,0,0,0,0,0,0,0,0,0,0,,,,
1416686931.28188,pg_toast,pg_toast_2964,0,0,0,0,0,0,0,0,0,0,0,0,0,0,,,,
1416686931.28188,pg_catalog,pg_database,3909,15138,130228,130226,1,0,0,0,1,0,277,133859,1867,208316,,,,
1416686931.28188,information_schema,sql_sizing,0,0,,,0,0,0,0,0,0,0,0,,,0,0,0,0
1416686931.28188,pg_toast,pg_toast_2620,0,0,0,0,0,0,0,0,0,0,0,0,0,0,,,,
1416686931.28188,pg_catalog,pg_depend,0,0,48257,51855,8898,0,8809,0,7106,1304,9264,59934,13178,124382,,,,
1416686931.28188,pg_catalog,pg_language,0,0,0,0,0,0,0,0,0,0,0,0,0,0,,,,
1416686931.28188,pg_catalog,pg_amproc,516,1032,170590,364899,0,0,0,0,0,0,1940,167590,1499,378152,,,,
1416686931.28188,pg_catalog,pg_collation,0,0,0,0,0,0,0,0,0,0,0,0,0,0,,,,
1416686931.28188,pg_toast,pg_toast_12708,0,0,0,0,0,0,0,0,0,0,0,0,0,0,,,,
1416686931.28188,pg_catalog,pg_range,0,0,8943,0,0,0,0,0,0,0,0,0,3297,14589,,,,
1416686931.28188,pg_toast,pg_toast_2609,0,0,0,0,0,0,0,0,0,0,0,0,0,0,,,,
1416686931.28188,pg_catalog,pg_opclass,516,516,232375,2535799,0,0,0,0,0,0,1489,1009458,3348,283235,,,,
1416686931.28188,pg_catalog,pg_rewrite,0,0,9120,7206,638,0,638,0,110,50,4813,7763,2164,13378,2391,2289,1390,10922
1416686931.28188,pg_toast,pg_toast_1255,0,0,0,0,0,0,0,0,0,0,0,0,0,0,,,,
1416686931.28188,pg_catalog,pg_seclabel,0,0,5128,0,0,0,0,0,0,0,0,0,529,4599,0,0,0,0
1416686931.28188,pg_catalog,pg_ts_parser,0,0,0,0,0,0,0,0,0,0,0,0,0,0,,,,
1416686931.28188,public,region,31906,159405,80,80,5,0,0,0,5,0,16,31955,26,85,,,,
1416686931.28188,pg_catalog,pg_trigger,0,0,0,0,0,0,0,0,0,0,0,0,0,0,0,0,0,0
1416686931.28188,pg_catalog,pg_shseclabel,0,0,0,0,0,0,0,0,0,0,0,0,0,0,,,,
1416686931.28188,pg_catalog,pg_event_trigger,0,0,1965,0,0,0,0,0,0,0,0,0,578,1387,,,,
1416686931.28188,public,orders,59,510210000,24352940,279487923,15075000,0,75000,0,15000000,75000,6710208,32238468,282151,73482616,,,,
1416686931.28188,pg_catalog,pg_foreign_table,0,0,0,0,0,0,0,0,0,0,0,0,0,0,,,,
1416686931.28188,pg_catalog,pg_extension,0,0,0,0,0,0,0,0,0,0,0,0,0,0,,,,
1416686931.28188,pg_catalog,pg_ts_config,0,0,0,0,0,0,0,0,0,0,0,0,0,0,,,,
1416686931.28188,pg_catalog,pg_shdescription,0,0,0,0,0,0,0,0,0,0,0,0,0,0,0,0,0,0
1416686931.28188,pg_catalog,pg_cast,0,0,1248632,295985,0,0,0,0,0,0,1499,294486,929,1283468,,,,
1416686931.28188,pg_catalog,pg_amop,0,0,325308,574513,0,0,0,0,0,0,2535,549924,5827,688696,,,,
1416686931.28188,pg_catalog,pg_user_mapping,0,0,0,0,0,0,0,0,0,0,0,0,0,0,,,,
1416686931.28188,pg_catalog,pg_type,0,0,884340,875644,2313,0,2294,0,360,91,5561,880152,8522,1817485,,,,
1416686931.28188,information_schema,sql_parts,0,0,,,0,0,0,0,0,0,0,0,,,0,0,0,0
1416686931.28188,pg_catalog,pg_largeobject,0,0,0,0,0,0,0,0,0,0,0,0,0,0,,,,
1416686931.28188,public,customer,46,39000000,395,78763078,1500000,0,0,0,1500000,0,711743,2649992,29364,1079,,,,
1416686931.28188,pg_catalog,pg_ts_config_map,0,0,0,0,0,0,0,0,0,0,0,0,0,0,,,,
1416686931.28188,pg_catalog,pg_largeobject_metadata,0,0,0,0,0,0,0,0,0,0,0,0,0,0,,,,
1416686931.28188,pg_catalog,pg_am,45219,45219,0,0,0,0,0,0,0,0,476,44743,0,0,,,,
1416686931.28188,pg_toast,pg_toast_12718,0,0,0,0,0,0,0,0,0,0,0,0,0,0,,,,
1416686931.28188,pg_catalog,pg_ts_template,0,0,0,0,0,0,0,0,0,0,0,0,0,0,,,,
1416686931.28188,pg_catalog,pg_foreign_server,0,0,0,0,0,0,0,0,0,0,0,0,0,0,,,,
1416686931.28188,pg_catalog,pg_namespace,1634,57598,203263,166330,42,0,0,0,42,0,487,167583,2395,240616,,,,
1416686931.28188,pg_toast,pg_toast_2619,0,0,147351,498505,6206,0,5956,0,260,31,49057,195521,2918,299025,,,,
1416686931.28188,pg_catalog,pg_authid,904,904,74244,74244,0,0,0,0,0,0,414,74734,1953,146535,,,,
1416686931.28188,pg_catalog,pg_default_acl,0,0,4668,0,0,0,0,0,0,0,0,0,529,4139,,,,
1416686931.28188,public,partsupp,53,224000000,119109,475962,8000000,0,0,0,8000000,0,3568329,2475672,99565,281628,,,,
1416686931.28188,public,supplier,24,1400000,16551952,21205917,100000,0,0,0,100000,0,23434,16675210,1733,33193797,,,,
1416686931.28188,pg_catalog,pg_shdepend,0,0,6339,1210,0,0,0,0,0,0,577,633,2267,6398,,,,
1416686931.28188,pg_catalog,pg_constraint,0,0,328,160,168,0,160,0,10,48,93,928,168,1672,0,0,0,0
1416686931.28188,pg_catalog,pg_index,5497,519766,404995,580352,907,0,879,0,144,2,4415,570182,2768,464143,,,,
1416686931.28188,pg_catalog,pg_ts_dict,0,0,0,0,0,0,0,0,0,0,0,0,0,0,,,,
1416686931.28188,pg_toast,pg_toast_2604,0,0,0,0,0,0,0,0,0,0,0,0,0,0,,,,
1416686931.28188,pg_catalog,pg_proc,0,0,326711,484843,0,0,0,0,0,0,31683,320955,13111,710820,0,0,0,0
